"Time (s)","Linear Acceleration x (m/s^2)","Linear Acceleration y (m/s^2)","Linear Acceleration z (m/s^2)","Absolute acceleration (m/s^2)"
6.476249546E-4,4.806528211E-2,5.316873193E-3,-5.596954823E-3,4.868127348E-2
1.060162496E-2,4.810182720E-2,-3.253390789E-3,1.709959745E-2,5.115434063E-2
2.055462496E-2,5.089416504E-2,-1.136523306E-2,2.015418291E-2,5.590684794E-2
3.050862497E-2,4.561814927E-2,-1.634413719E-2,1.993432760E-2,5.239774594E-2
4.046262498E-2,3.419649057E-2,-3.633459806E-3,1.251304150E-3,3.441173869E-2
5.041662499E-2,3.831037223E-2,9.094759226E-3,-9.940266609E-4,3.938765486E-2
6.036962499E-2,3.075693905E-2,7.403744459E-3,-9.278946519E-3,3.296822077E-2
7.032362500E-2,2.944475077E-2,6.795049310E-3,-1.507879972E-2,3.377182619E-2
8.027762501E-2,2.543882333E-2,-1.298081875E-2,-8.111257553E-3,2.968885122E-2
9.023062501E-2,3.432695657E-2,-1.588805437E-2,-7.131556571E-3,3.849193835E-2
1.001846250E-1,3.416878939E-2,-2.669253945E-2,-1.085067809E-2,4.469602942E-2
1.101386250E-1,3.021782577E-2,-1.444262266E-2,-1.414616883E-2,3.635684855E-2
1.200916250E-1,3.443008684E-2,4.510542154E-3,9.704039097E-3,3.605473956E-2
1.300456250E-1,4.134427316E-2,9.565460086E-3,3.897461593E-3,4.261498747E-2
1.399996250E-1,4.022438519E-2,2.794793665E-2,-4.024346173E-3,4.914553580E-2
1.499526250E-1,4.059634119E-2,1.364915550E-2,1.416838825E-2,4.511214459E-2
1.599066250E-1,3.539363489E-2,-7.165762782E-3,3.486987054E-3,3.627969991E-2
1.698606251E-1,2.708342582E-2,-1.911864102E-2,-2.891448140E-3,3.327754289E-2
1.798146249E-1,2.309679419E-2,-1.337959886E-2,3.101655543E-3,2.687184092E-2
1.897676250E-1,3.729697667E-2,-1.415903270E-2,2.987050116E-3,4.000581388E-2
1.997216250E-1,1.428620964E-2,-3.015993834E-3,2.964538336E-3,1.489900978E-2
2.096756250E-1,1.054552652E-2,-2.859873176E-3,5.644317269E-3,1.229818367E-2
2.196286250E-1,2.191236757E-2,-3.236433864E-3,8.496004343E-3,2.372358418E-2
2.295826250E-1,7.002771646E-3,-9.589433670E-5,1.642424405E-2,1.785507768E-2
2.395366250E-1,-5.349179059E-3,-1.570562124E-3,5.318042636E-3,7.704671276E-3
2.494896250E-1,8.016898111E-3,-2.910743952E-3,1.128337204E-2,1.414417090E-2
2.594436250E-1,5.891142860E-3,-6.010937691E-3,5.364235640E-3,9.980579147E-3
2.693976250E-1,1.176569425E-2,-1.462388635E-2,-1.637220383E-3,1.884065030E-2
2.793516250E-1,9.499459639E-3,6.202726364E-3,-2.122539282E-3,1.154204145E-2
2.893046250E-1,2.745128877E-2,-1.588103771E-3,-1.572491705E-2,3.167599005E-2
2.992586250E-1,3.551569551E-2,6.084612608E-3,-1.711713910E-2,3.989214947E-2
3.092126250E-1,3.742283799E-2,-1.904672027E-2,-1.594477236E-2,4.491639035E-2
3.191656250E-1,5.260337926E-2,-4.080187082E-3,-1.460459054E-2,5.474538795E-2
3.291196250E-1,4.417571425E-2,-9.353790879E-3,-1.934755951E-2,4.912550450E-2
3.390736250E-1,5.077232368E-2,-1.734751940E-2,-5.638470054E-3,5.394958411E-2
3.490266250E-1,5.742287368E-2,-1.755392611E-2,-6.766397953E-3,6.042607785E-2
3.589806251E-1,1.758601271E-2,-1.655697584E-2,1.142253578E-2,2.671845084E-2
3.689346249E-1,-3.718536794E-3,1.901689947E-2,9.291518033E-3,2.148958558E-2
3.788876249E-1,-1.675293066E-2,2.634813845E-2,1.457184613E-2,3.445611390E-2
3.888416250E-1,-2.151051767E-2,3.577852786E-2,3.517684937E-3,4.189486285E-2
3.987956250E-1,-1.156148024E-2,2.365374148E-2,6.111509800E-3,2.702809396E-2
4.087496250E-1,2.057803296E-2,1.231482089E-2,-4.371378422E-3,2.437661180E-2
4.187026250E-1,5.027830705E-2,-3.068618774E-3,-1.262296915E-2,5.192941297E-2
4.286566250E-1,1.082170513E-1,2.537925482E-2,-3.670940459E-2,1.170581785E-1
4.386106250E-1,1.710361011E-1,5.595668435E-2,-3.232106924E-2,1.828364020E-1
4.485636250E-1,2.112476955E-1,6.646705449E-2,-6.417056054E-2,2.305673850E-1
4.585176250E-1,2.401369607E-1,5.792602658E-2,-8.164057910E-2,2.601660405E-1
4.684716250E-1,2.429703022E-1,4.619358838E-2,-8.216068894E-2,2.606123446E-1
4.784246250E-1,2.097225954E-1,2.781228125E-2,-7.509929895E-2,2.244927498E-1
4.883786250E-1,1.671244600E-1,4.403421164E-2,-9.546719760E-2,1.974426062E-1
4.983326250E-1,1.156601183E-1,6.448660254E-2,-8.177594215E-2,1.556376869E-1
5.082866250E-1,6.463738762E-2,7.089632034E-2,-6.035817593E-2,1.133463256E-1
5.182396250E-1,2.664598100E-2,4.993639112E-2,-6.802679926E-2,8.849461497E-2
5.281936250E-1,1.634084813E-2,3.237486362E-2,-4.749488622E-2,5.975716969E-2
5.381476250E-1,2.506321281E-2,-1.229669452E-3,-1.733319372E-2,3.049780858E-2
5.481006250E-1,3.361842021E-2,-8.336375356E-3,-1.501389563E-2,3.775063435E-2
5.580546251E-1,3.922772728E-2,7.408422232E-4,-1.315857410E-2,4.138250243E-2
5.680086249E-1,7.472383462E-2,1.282879114E-2,2.442381978E-3,7.585640759E-2
5.779616249E-1,7.002493903E-2,1.054837704E-2,2.970444024E-2,7.679266966E-2
5.879156250E-1,4.077300020E-2,-1.434088111E-2,6.131828874E-2,7.502020361E-2
5.978696250E-1,-6.669480354E-3,-4.147780895E-2,6.735758543E-2,7.938472724E-2
6.078226250E-1,-6.563280299E-2,-7.222188413E-2,8.303426296E-2,1.281341258E-1
6.177766250E-1,-1.092031112E-1,-9.343382835E-2,1.175243568E-1,1.856533711E-1
6.277306250E-1,-1.071638216E-1,-9.171416223E-2,1.272675723E-1,1.899805442E-1
6.376846250E-1,-1.262350271E-1,-8.546114981E-2,1.045043617E-1,1.848243810E-1
6.476376250E-1,-1.102453043E-1,-8.039336801E-2,1.232043421E-1,1.838380555E-1
6.575916250E-1,-1.373194476E-1,-6.993094504E-2,1.299675241E-1,2.015899925E-1
6.675456250E-1,-1.603620820E-1,-5.058894038E-2,1.199316555E-1,2.065401661E-1
6.774986250E-1,-1.894980998E-1,-3.036634505E-2,1.371096057E-1,2.358615880E-1
6.874526250E-1,-2.398852381E-1,-6.699798167E-2,1.420475793E-1,2.867249061E-1
6.974066250E-1,-2.910852125E-1,-7.683709145E-2,9.961258113E-2,3.171075620E-1
7.073596250E-1,-3.225425018E-1,-9.011027098E-2,7.581733704E-2,3.433683081E-1
7.173136250E-1,-3.437244060E-1,-8.567106485E-2,6.774496347E-2,3.606596438E-1
7.272676250E-1,-3.563092221E-1,-6.533444881E-2,5.445394993E-2,3.663196481E-1
7.372216251E-1,-3.274106743E-1,-3.225499570E-2,4.600443095E-2,3.321965413E-1
7.471746251E-1,-2.636535850E-1,-2.581136405E-2,2.431623101E-2,2.660276649E-1
7.571286251E-1,-2.106536184E-1,-2.556987405E-3,-6.834810376E-3,2.107799795E-1
7.670826250E-1,-1.692454644E-1,8.124121428E-3,-1.518463433E-2,1.701193748E-1
7.770356250E-1,-1.464276554E-1,2.252873719E-2,-2.869228721E-2,1.509034447E-1
7.869896250E-1,-1.309497102E-1,1.480398059E-2,-6.406881899E-2,1.465325834E-1
7.969431250E-1,-1.088326170E-1,2.456707656E-2,-6.987802774E-2,1.316473263E-1
8.068961250E-1,-1.002247115E-1,1.925195754E-2,-6.180273056E-2,1.193113916E-1
8.168501250E-1,-8.934172757E-2,3.923949480E-2,-7.511128575E-2,1.231397072E-1
8.268041250E-1,-5.317004755E-2,5.655076146E-2,-9.889512777E-2,1.257190872E-1
8.367581250E-1,-2.852074452E-2,6.920998335E-2,-1.013945201E-1,1.260329456E-1
8.467111250E-1,1.704361036E-2,7.573956907E-2,-9.146799445E-2,1.199723343E-1
8.566651250E-1,6.982452571E-2,6.883634627E-2,-1.178471231E-1,1.533031356E-1
8.666191250E-1,1.177282785E-1,5.441009581E-2,-1.074835181E-1,1.684432033E-1
8.765721250E-1,1.378524213E-1,3.650884509E-2,-1.087710750E-1,1.793525372E-1
8.865261250E-1,1.780418694E-1,1.320652127E-2,-1.566153324E-1,2.374903825E-1
8.964801250E-1,2.185379308E-1,6.042278767E-2,-7.429121375E-2,2.385978309E-1
9.064331250E-1,1.471467899E-1,1.154240370E-2,-1.531192821E-1,2.126756202E-1
9.163871250E-1,2.902920377E-1,-3.554996020E-1,-2.393382311E-1,5.176216988E-1
9.263411250E-1,6.105454277E-1,1.250058693E-1,1.548675996E-1,6.421652124E-1
9.362951251E-1,-4.244727731E-2,6.854176354E-1,1.591957086E-1,7.049414018E-1
9.462481251E-1,1.591153094E-1,1.547880775E-1,-1.016830802E-2,2.222170675E-1
9.562021251E-1,-4.946474008E-1,-7.274462521E-2,-5.352593833E-1,7.324414236E-1
9.661561250E-1,-3.901187000E-1,-4.930126655E-1,4.309397936E-4,6.286925116E-1
9.761091250E-1,-3.776297783E-1,-2.087280571E-2,6.637408376E-2,3.839862530E-1
9.860631250E-1,1.966762148E-1,7.930227757E-2,2.525102538E-1,3.297450727E-1
9.960171250E-1,-1.619129097E-1,-1.143458104E-1,4.777759910E-2,2.038956931E-1
1.005970125E0,-1.303539520E-1,1.584069192E-2,-3.788615674E-1,4.009727766E-1
1.015924125E0,1.874115209E-1,5.491821885E-2,-1.315202522E-1,2.354499218E-1
1.025878125E0,2.986772373E-2,3.241129178E-1,1.093528730E-1,3.433646971E-1
1.035831125E0,-2.093588255E-2,9.098735332E-2,3.230779606E-1,3.362980498E-1
1.045785125E0,1.676053204E-2,-5.982461751E-2,-2.539387286E-2,6.711742749E-2
1.055739125E0,-2.890685809E-1,-3.742334962E-1,4.291827053E-2,4.748192626E-1
1.065693125E0,-3.057691790E-1,-1.341550076E-1,-7.339542031E-2,3.418760662E-1
1.075646125E0,-1.440405297E-1,-6.830717325E-3,1.475907397E-1,2.063428199E-1
1.085600125E0,-6.196477152E-2,1.431632280E-1,1.822799313E-1,2.399193951E-1
1.095554125E0,2.469717711E-4,5.095731497E-2,8.652709723E-2,1.004173665E-1
1.105507125E0,1.542562732E-1,-1.281171727E-1,-1.642833710E-2,2.011936829E-1
1.115461125E0,2.325143842E-1,-6.713363707E-2,-5.244893968E-2,2.476302796E-1
1.125415125E0,2.454577077E-1,-1.858479023E-2,1.428053784E-1,2.845843580E-1
1.135368125E0,2.757949629E-1,-7.135357261E-3,1.108977073E-1,2.973416829E-1
1.145322125E0,3.144723210E-1,-4.695255697E-2,-5.545382380E-2,3.227576643E-1
1.155276125E0,1.428282557E-1,-8.653996110E-2,-9.172994971E-2,1.905346666E-1
1.165230125E0,1.629629966E-1,7.387372255E-3,-5.286467671E-3,1.632159866E-1
1.175183125E0,2.436093298E-1,1.110912502E-1,6.148756564E-2,2.747134728E-1
1.185137125E0,1.702990595E-1,9.276958466E-2,8.242264420E-2,2.107165342E-1
1.195091125E0,1.644356178E-1,1.919056177E-2,6.498303115E-3,1.656791418E-1
1.205044125E0,3.242395831E-1,-3.585571110E-2,-8.522375286E-2,3.371646887E-1
1.214998125E0,3.278590096E-1,-5.910131693E-2,-1.244059449E-1,3.556140253E-1
1.224952125E0,2.811648265E-1,4.747354388E-3,-8.263051271E-2,2.930938393E-1
1.234905125E0,3.612560396E-1,7.152840436E-2,-3.650562912E-2,3.700741814E-1
1.244859125E0,2.731865200E-1,1.104211593E-1,-1.399998844E-2,2.949910283E-1
1.254813125E0,2.253035979E-1,9.630598068E-2,-5.198759437E-2,2.504780691E-1
1.264767125E0,2.596809867E-1,4.031245887E-2,-7.932859004E-2,2.745037967E-1
1.274720125E0,1.514378422E-1,3.087914586E-2,-1.053843677E-1,1.870636433E-1
1.284674125E0,8.539207958E-2,1.261185944E-2,-5.707291782E-2,1.034803566E-1
1.294628125E0,2.141020869E-1,4.967151225E-2,-6.197931647E-2,2.283602382E-1
1.304581125E0,2.360921493E-1,1.459757388E-2,-6.467137456E-2,2.452243439E-1
1.314535125E0,2.253756648E-1,8.571433425E-3,-1.113005805E-1,2.515064194E-1
1.324489125E0,2.610041385E-1,4.550887942E-2,-9.767656803E-2,2.823737424E-1
1.334442125E0,2.359494773E-1,9.482780457E-2,-3.867289960E-2,2.572159822E-1
1.344396125E0,2.000187025E-1,5.804297090E-2,7.506655455E-3,2.084054167E-1
1.354350125E0,2.271563613E-1,1.078226566E-3,-8.941649884E-2,2.441239138E-1
1.364304125E0,2.065490922E-1,-1.996707201E-2,-1.139628178E-1,2.367461411E-1
1.374257125E0,1.750633708E-1,3.197842240E-2,-7.797437489E-2,1.942930942E-1
1.384211125E0,2.141977619E-1,8.721063673E-2,-2.185104489E-3,2.312815407E-1
1.394165125E0,2.398727397E-1,6.891294479E-2,-1.334510028E-2,2.499320246E-1
1.404118125E0,2.717217194E-1,1.347432375E-2,-7.286917090E-2,2.816454620E-1
1.414072125E0,3.113402599E-1,-2.145811200E-2,-1.130108911E-1,3.319106348E-1
1.424026125E0,3.010754728E-1,1.026244819E-2,-7.108869374E-2,3.095244103E-1
1.433979125E0,2.703459426E-1,5.528893232E-2,-1.736067563E-2,2.764872290E-1
1.443933125E0,2.665826746E-1,6.716988981E-2,-4.713440537E-3,2.749551473E-1
1.453887125E0,2.402151673E-1,3.552768230E-2,-2.290909857E-2,2.439064771E-1
1.463841125E0,2.211810916E-1,-3.327065706E-3,-1.748083591E-2,2.218957509E-1
1.473794125E0,2.119381785E-1,-1.617281377E-2,1.011802197E-2,2.127950324E-1
1.483748125E0,2.286021584E-1,-1.223237514E-3,3.746925026E-2,2.316557529E-1
1.493702125E0,2.523211695E-1,-2.254510939E-2,2.250681013E-2,2.543242242E-1
1.503655125E0,2.614858029E-1,-5.819558322E-2,-8.436655104E-3,2.680162834E-1
1.513609125E0,2.485177749E-1,-5.761086166E-2,-2.313333929E-2,2.561547330E-1
1.523563125E0,2.277053417E-1,-2.757020652E-2,4.065072030E-2,2.329427397E-1
1.533516125E0,2.043944664E-1,1.440753937E-2,6.733712018E-2,2.156825510E-1
1.543470125E0,1.917456233E-1,-5.902179480E-3,6.432872772E-2,2.023348832E-1
1.553424125E0,1.631797090E-1,-2.453550160E-2,4.562494665E-2,1.712052687E-1
1.563378125E0,1.302679979E-1,-3.667198241E-2,4.562319249E-2,1.428147796E-1
1.573331125E0,1.463753960E-1,-3.760929108E-2,5.853121340E-2,1.620682519E-1
1.583285125E0,1.681307658E-1,-2.750179410E-2,7.556210607E-2,1.863704240E-1
1.593239125E0,1.528394929E-1,-3.576741815E-2,6.514090598E-2,1.699486876E-1
1.603192125E0,1.265637868E-1,-4.132987440E-2,5.213611364E-2,1.429850516E-1
1.613146125E0,1.187866976E-1,-5.229398847E-2,3.513299525E-2,1.344591689E-1
1.623100125E0,3.808854349E-2,-3.048855186E-2,6.561453044E-2,8.176524656E-2
1.633053125E0,2.233110130E-2,-2.302341163E-2,4.769515336E-2,5.747680595E-2
1.643007125E0,-6.404674575E-3,-2.560729623E-2,3.818962723E-2,4.642414355E-2
1.652961125E0,-1.572842538E-2,-9.782391787E-3,2.511086762E-2,3.120311245E-2
1.662915125E0,-1.584178828E-2,9.718072414E-4,4.210229158E-2,4.499455102E-2
1.672868125E0,-3.172808848E-2,-1.207683921E-2,4.639063954E-2,5.748576416E-2
1.682822125E0,-1.665462434E-2,-1.807257414E-2,4.017387986E-2,4.709495802E-2
1.692776125E0,-1.069799267E-2,-3.334140837E-2,2.604642212E-2,4.364072255E-2
1.702729125E0,3.806025758E-3,-1.072788656E-2,2.196214199E-2,2.473679573E-2
1.712683125E0,3.046984076E-3,-9.865422249E-3,1.228266120E-2,1.604600992E-2
1.722637125E0,2.500050142E-3,-1.328487396E-3,1.676513672E-2,1.700249801E-2
1.732590125E0,-1.042704731E-3,-6.261783242E-3,-1.018000245E-3,6.429112460E-3
1.742544125E0,-1.208955690E-2,1.934843659E-3,4.793547392E-3,1.314834981E-2
1.752498125E0,1.310594916E-2,6.872232556E-3,1.711947799E-2,2.262896397E-2
1.762451125E0,1.287381470E-2,2.188028097E-3,4.030193388E-2,4.236470756E-2
1.772405125E0,-1.338646933E-2,3.542243242E-3,3.946519732E-2,4.182399847E-2
1.782359125E0,1.703425482E-2,4.970133305E-5,4.448269308E-2,4.763274389E-2
1.792314125E0,4.092466235E-3,-3.086043477E-2,5.327982903E-2,6.170781875E-2
1.802267125E0,-2.816216402E-2,-3.500377178E-2,7.381086498E-2,8.640842153E-2
1.812221125E0,-3.388483398E-2,-2.583592236E-2,7.882514477E-2,8.960513549E-2
1.822175125E0,-3.267950356E-2,-3.283620894E-2,9.120603919E-2,1.022971561E-1
1.832128125E0,-6.325795636E-2,-5.751262844E-2,1.105129606E-1,1.397225319E-1
1.842082125E0,-6.981290437E-2,-3.878984392E-2,1.770507663E-1,1.942304494E-1
1.852036125E0,-1.374767377E-1,-5.851425648E-2,2.111488044E-1,2.586650136E-1
1.861990125E0,-2.555492710E-1,-8.431977332E-2,2.646952665E-1,3.774636912E-1
1.871943125E0,-3.235586748E-1,-1.288164997E-1,3.115636235E-1,4.672855638E-1
1.881897125E0,-3.537900954E-1,-1.960296589E-1,3.237305099E-1,5.180699777E-1
1.891851125E0,-3.357830831E-1,-2.431207949E-1,3.186598045E-1,5.228786387E-1
1.901804125E0,-3.011755333E-1,-2.864691281E-1,3.699895871E-1,5.564742202E-1
1.911758125E0,-3.238501585E-1,-2.793653458E-1,4.202864590E-1,5.996370813E-1
1.921712125E0,-3.718717327E-1,-2.759558344E-1,4.501461428E-1,6.458109306E-1
1.931665125E0,-3.896522384E-1,-2.730696487E-1,4.222268575E-1,6.361378932E-1
1.941619125E0,-4.042623107E-1,-2.696934664E-1,4.359876949E-1,6.528765977E-1
1.951573125E0,-4.336373334E-1,-2.519003892E-1,4.906258321E-1,7.015759760E-1
1.961527125E0,-4.275715050E-1,-2.238705915E-1,4.999199814E-1,6.948779903E-1
1.971480125E0,-4.426885309E-1,-2.381541699E-1,4.546581468E-1,6.777939027E-1
1.981434125E0,-4.498142403E-1,-2.596853721E-1,4.339587110E-1,6.768230981E-1
1.991388125E0,-3.965694214E-1,-2.313263762E-1,3.733979291E-1,5.917813885E-1
2.001341125E0,-3.209119327E-1,-1.933294147E-1,3.720250028E-1,5.279804294E-1
2.011295125E0,-2.707714006E-1,-1.260460889E-1,3.626302814E-1,4.697930278E-1
2.021249125E0,-2.224533726E-1,-9.021318197E-2,2.807312554E-1,3.693696779E-1
2.031202125E0,-1.824423377E-1,-7.515484750E-2,2.111172295E-1,2.889704869E-1
2.041156125E0,-2.116784891E-1,-5.342776358E-2,9.220766723E-2,2.369906381E-1
2.051110125E0,-2.709178734E-1,-1.097873211E-2,1.610030830E-2,2.716178319E-1
2.061063125E0,5.492070392E-3,-7.068757474E-2,-5.391512901E-2,8.907152854E-2
2.071017125E0,8.790594377E-2,7.266159475E-2,-2.003329173E-1,2.305221032E-1
2.080971125E0,1.588871218E-1,1.100603861E-1,-2.693455571E-1,3.315198866E-1
2.090925125E0,2.175944826E-1,1.993467844E-1,-4.712645316E-1,5.560366517E-1
2.100878125E0,1.339366141E-1,2.285705835E-1,-5.421053034E-1,6.033752466E-1
2.110832125E0,2.179298204E-1,3.105643344E-1,-6.153106892E-1,7.228767922E-1
2.120786125E0,3.075707062E-1,4.002974600E-1,-6.802902120E-1,8.471319663E-1
2.130739125E0,3.454154938E-1,3.957962734E-1,-7.815552163E-1,9.416979927E-1
2.140693125E0,3.667839973E-1,4.171701854E-1,-9.325870425E-1,1.085486092E0
2.150647125E0,4.162869635E-1,4.989353102E-1,-1.093258004E0,1.271787853E0
2.160601125E0,4.728340705E-1,6.070871651E-1,-1.234885168E0,1.455014867E0
2.170554125E0,5.929124911E-1,6.282160789E-1,-1.297617021E0,1.558849126E0
2.180508125E0,7.526584227E-1,6.996906888E-1,-1.408857960E0,1.743829841E0
2.190462125E0,8.521410495E-1,7.374520075E-1,-1.349313424E0,1.758017790E0
2.200415125E0,9.364340718E-1,9.710798478E-1,-1.390865493E0,1.937630424E0
2.210369125E0,9.776962647E-1,9.939833915E-1,-1.662018424E0,2.169377379E0
2.220323125E0,1.191072274E0,1.073530083E0,-1.553463112E0,2.232569739E0
2.230276125E0,5.317022297E-1,1.222952170E0,-1.837217962E0,2.270173807E0
2.240230125E0,8.767323920E-1,5.643323243E-1,-1.714504494E0,2.006653014E0
2.250184125E0,7.206251827E-1,2.664827603E-1,-2.168544005E0,2.300629657E0
2.260138125E0,1.078916392E0,6.521311909E-1,-2.036675844E0,2.395283733E0
2.270091125E0,1.279598388E0,1.222061055E0,-1.882380686E0,2.583440014E0
2.280045125E0,1.351736072E0,1.264103705E0,-1.834191151E0,2.605648818E0
2.289999125E0,1.196168853E0,1.132864119E0,-2.000338322E0,2.591438681E0
2.299952125E0,1.301401632E0,1.195355651E0,-2.286355753E0,2.889626960E0
2.309906125E0,1.584922009E0,1.541406738E0,-2.268537532E0,3.167676600E0
2.319860125E0,1.354071304E0,1.451813945E0,-1.707708275E0,2.618690585E0
2.329813125E0,1.103521621E0,1.047754971E0,-1.661009780E0,2.252665962E0
2.339767125E0,1.154471481E0,7.242431474E-1,-1.932850928E0,2.365004281E0
2.349721125E0,1.040926154E0,7.649315822E-1,-2.015980793E0,2.394332087E0
2.359675125E0,1.027976691E0,1.043011125E0,-1.682786565E0,2.230779888E0
2.369628125E0,1.128130725E0,1.198279259E0,-1.261701084E0,2.073750646E0
2.379582125E0,1.053190909E0,1.169243740E0,-1.262177924E0,2.017284097E0
2.389536125E0,9.046048996E-1,1.058773465E0,-1.553401716E0,2.086233008E0
2.399489125E0,8.869463814E-1,7.410006827E-1,-1.759713703E0,2.105314279E0
2.409443125E0,7.006558449E-1,4.596005058E-1,-1.763751791E0,1.952683184E0
2.419397125E0,5.090747476E-1,2.716937989E-1,-1.663058644E0,1.760323457E0
2.429350125E0,3.835926227E-1,1.938574183E-1,-1.612403045E0,1.668702364E0
2.439304125E0,2.330208262E-1,2.641584921E-1,-1.548886788E0,1.588435928E0
2.449258125E0,2.327818944E-1,3.996086580E-1,-1.333924722E0,1.411817854E0
2.459212125E0,2.155003023E-1,6.289920044E-1,-1.081030306E0,1.269132714E0
2.469165125E0,1.067994670E-1,7.140491116E-1,-9.140703723E-1,1.164816254E0
2.479119125E0,1.300055310E-3,6.348164159E-1,-1.068485690E0,1.242841599E0
2.489073125E0,-2.651377545E-1,1.822267216E-1,-7.831479979E-1,8.466554160E-1
2.499026125E0,-3.500687812E-1,1.984568381E-1,4.943733126E-2,4.054347270E-1
2.508980125E0,-3.482876462E-1,5.087101007E-1,-3.559583160E-1,7.118964628E-1
2.518934125E0,-3.517683475E-1,7.461690366E-2,-2.495489314E-1,4.377023210E-1
2.528887125E0,-7.333868770E-1,-2.496369320E-1,-8.675057781E-1,1.163074024E0
2.538841125E0,-6.711553994E-1,-9.348358816E-1,-1.141043496E0,1.620601110E0
2.548795125E0,-3.414920121E-1,-6.281997067E-1,-1.070054498E0,1.286960875E0
2.558749125E0,3.377015546E-2,-7.564192057E-2,-4.385429281E-1,4.462981328E-1
2.568702125E0,7.935760684E-2,5.386045754E-2,8.962495208E-2,1.312677062E-1
2.578656125E0,-8.451872483E-2,6.372061729E-2,-1.331346685E-1,1.700840141E-1
2.588610125E0,-1.635137312E-1,-1.035600364E-2,-5.877586091E-1,6.101673292E-1
2.598563125E0,2.731563337E-2,1.094201159E-1,-8.266752559E-1,8.343325981E-1
2.608517125E0,-3.182581007E-2,1.289504009E-1,-9.659442383E-1,9.750330044E-1
2.618471125E0,-7.519110024E-2,1.434748846E-1,-1.229715937E0,1.240338676E0
2.628425125E0,-5.527972296E-2,-2.124310988E-1,-1.393887042E0,1.411064812E0
2.638378125E0,-7.432015747E-2,-2.420782363E-1,-1.884816636E0,1.901751590E0
2.648332125E0,3.156523622E-1,-1.631127584E-1,-2.160957535E0,2.189972524E0
2.658286125E0,4.926396862E-1,1.922237062E-1,-2.109451459E0,2.174725103E0
2.668239125E0,5.838327885E-1,5.825475705E-1,-1.958368762E0,2.124954260E0
2.678193125E0,8.433587509E-1,5.243186581E-1,-1.367454996E0,1.689999172E0
2.688147125E0,1.446680382E0,6.909216195E-1,-1.670217390E0,2.315142100E0
2.698100125E0,1.956376908E0,3.699141580E-1,-1.520614039E0,2.505297217E0
2.708054125E0,1.999432881E0,2.582598209E-2,-1.483129001E0,2.489592428E0
2.718008125E0,2.192343635E0,-2.051963389E-1,-1.531064183E0,2.681908589E0
2.727962125E0,2.023258823E0,1.391929686E-1,-1.486205806E0,2.514310769E0
2.737915125E0,1.504885906E0,9.923841780E-1,-1.673224321E0,2.459509621E0
2.747869125E0,8.326117147E-1,1.408357438E0,-1.662756343E0,2.332696208E0
2.757823125E0,4.554205506E-1,1.635397806E0,-1.668546256E0,2.380332008E0
2.767776125E0,-7.795108835E-1,1.406014459E0,-1.471609109E0,2.179483252E0
2.777730125E0,-4.638639666E-1,9.811101615E-1,-1.115525370E0,1.556323803E0
2.787684125E0,4.265796345E-1,9.880262482E-1,-3.387449902E-1,1.128235002E0
2.797636250E0,-1.937218725E-1,1.250048168E0,-6.315408057E-1,1.413857268E0
2.807590250E0,-5.437419756E-1,7.051397091E-1,-1.400815992E0,1.659868305E0
2.817544250E0,-8.358518761E-1,4.681900656E-1,-1.671358767E0,1.926470976E0
2.827498250E0,-1.238894604E0,7.813154805E-1,-1.278175029E0,1.943976627E0
2.837451250E0,-1.328961898E0,1.739074786E0,-1.031422529E0,2.419577085E0
2.847405250E0,-1.115416100E0,2.288966827E0,-5.756434706E-1,2.610533972E0
2.857359250E0,-9.550622776E-1,1.753546645E0,-4.462478042E-1,2.046022212E0
2.867312250E0,-5.655726649E-1,-1.435064596E-1,-5.180291006E-1,7.802696279E-1
2.877266250E0,-7.367515842E-1,-1.574074547E0,-1.070324054E0,2.041104396E0
2.887220250E0,-1.455145689E0,-1.996216620E0,-1.470959483E0,2.875074185E0
2.897174250E0,-2.257922936E0,-1.463021888E0,-1.396812696E0,3.031457527E0
2.907127250E0,-2.548346390E0,8.761818767E-2,-6.691167676E-1,2.636183513E0
2.917081250E0,-2.263162041E0,2.897675425E0,1.151266476E0,3.852770404E0
2.927035250E0,-2.369269855E0,5.233129955E0,1.510278500E0,5.939699481E0
2.936988250E0,-1.327369409E0,4.756723382E0,6.796516961E-1,4.985002839E0
2.946942250E0,-3.647165680E-1,2.788595617E0,9.145852196E-1,2.957321392E0
2.956896250E0,-8.119784986E-1,1.318576366E-1,5.433069062E-1,9.858386850E-1
2.966849250E0,-1.114014888E0,-2.195669239E0,-9.607133192E-1,2.642907993E0
2.976803250E0,-9.866983455E-1,-3.292547838E0,-2.166151909E0,4.062838784E0
2.986757250E0,-1.447125355E0,-2.356282897E0,-3.395017954E0,4.378628528E0
2.996711250E0,-1.948053689E0,-1.075365524E0,-3.663123609E0,4.286000322E0
3.006664250E0,-2.402029466E0,6.526042306E-1,-2.983659023E0,3.885596351E0
3.016618250E0,-1.591241095E0,1.590472478E0,-1.823989221E0,2.896305855E0
3.026572250E0,-1.154596904E0,9.737730753E-1,-1.353908751E0,2.028397623E0
3.036525250E0,-9.056014844E-1,-2.334331280E-1,-1.131810451E0,1.468196162E0
3.046479250E0,-4.190033606E-1,-1.271127380E0,-1.417878460E0,1.949796902E0
3.056433250E0,-5.317922403E-1,-2.117311871E0,-1.630483806E0,2.724755032E0
3.066387250E0,7.422601730E-3,-1.149577215E0,-1.566028193E0,1.942685556E0
3.076340250E0,6.605160981E-2,9.027808607E-1,-9.251274571E-1,1.294309433E0
3.086294250E0,-4.337532545E-1,2.192657338E0,1.121379018E-1,2.237959561E0
3.096248250E0,1.269890255E-1,2.445188642E0,8.599149227E-2,2.449993519E0
3.106201250E0,1.500157993E-1,2.717543176E0,-2.063517487E-1,2.729492022E0
3.116155250E0,8.124363356E-1,1.977956350E0,9.695893925E-1,2.347864500E0
3.126109250E0,1.249513147E0,2.144518381E0,-1.337041873E-1,2.485582226E0
3.136063250E0,1.111319029E0,1.972092177E0,-1.414482397E0,2.669257948E0
3.146016250E0,1.514687739E0,5.285146201E-1,-1.846788392E0,2.446269408E0
3.155970250E0,1.959691110E0,-6.344404399E-2,-1.871963287E0,2.710841371E0
3.165924250E0,1.597218119E0,-1.727542323E-1,-2.032738621E0,2.590941150E0
3.175877250E0,1.289188260E0,-3.274996251E-1,-2.066415367E0,2.457505818E0
3.185831250E0,9.675023751E-1,-1.307260834E0,-1.644565947E0,2.312917830E0
3.195785250E0,9.095382685E-1,-2.035962483E0,-1.451314008E0,2.660585546E0
3.205738250E0,1.072063309E0,-2.547169930E0,-2.173227333E0,3.515723457E0
3.215692250E0,2.138322379E-1,-2.975425267E0,-2.465059819E0,3.869806152E0
3.225646250E0,3.737086355E-1,-1.158443933E0,-2.251149082E0,2.559164450E0
3.235600250E0,3.059952470E-1,1.517458296E0,5.533044755E-1,1.643915635E0
3.245553250E0,1.171953779E-1,4.676849247E0,2.931733702E0,5.521024917E0
3.255507250E0,4.195508793E-1,3.016459857E0,1.475227951E0,3.383984414E0
3.265461250E0,1.643727603E0,1.586761250E0,-1.010928622E0,2.498325115E0
3.275414250E0,1.627319585E0,-4.379272163E-1,-7.937127471E-2,1.687083008E0
3.285368250E0,1.096357759E0,1.082284534E-1,-1.791191604E0,2.102874484E0
3.295322250E0,1.149187206E0,6.182085693E-2,-2.985747941E0,3.199866219E0
3.305276250E0,-2.952287323E-1,1.175000909E0,-5.303387759E0,5.440010006E0
3.315229250E0,3.564338774E-1,1.838002074E0,-4.618365980E0,4.983432658E0
3.325183250E0,-2.231940687E-1,1.960836287E0,-2.064503035E0,2.856022990E0
3.335137250E0,-1.020525365E0,2.279748691E0,2.738017201E-1,2.512706409E0
3.345090250E0,-1.669619512E0,2.866027955E0,1.988469644E0,3.867267391E0
3.355044250E0,-1.550203874E0,1.347897813E0,3.023858339E-1,2.076390560E0
3.364998250E0,-2.223270728E0,5.339472681E-1,6.993837100E-1,2.391060432E0
3.374952250E0,-1.975688215E0,2.557500790E0,-8.901730943E-1,3.352098202E0
3.384905250E0,-9.016956174E-1,4.635679001E0,-3.263371401E0,5.740397869E0
3.394859250E0,-1.157718001E0,1.709192006E0,-4.716262404E0,5.148279261E0
3.404813250E0,-7.822223836E-1,-1.754368764E0,-6.353961673E0,6.637959819E0
3.414766250E0,-1.025217902E0,-1.540606838E0,-7.754849879E0,7.972592917E0
3.424720250E0,-1.590314896E0,-1.320201892E0,-6.496481708E0,6.817353525E0
3.434674250E0,-1.856750878E0,-4.085373563E-1,-5.438930311E0,5.761630804E0
3.444627250E0,-1.784754258E0,6.101388270E-1,-3.362583741E0,3.855461913E0
3.454581250E0,-1.208962707E0,1.260840958E0,-2.454312637E0,3.012467638E0
3.464535250E0,-5.382182206E-1,2.275041683E0,-3.291696483E0,4.037419875E0
3.474489250E0,6.835587325E-1,2.868100208E0,-2.023476924E0,3.575990800E0
3.484442250E0,6.120990329E-1,5.523465847E0,-1.609180060E0,5.785568308E0
3.494396250E0,1.210230383E0,4.576135635E0,1.130538681E0,4.866599700E0
3.504350250E0,1.044090156E0,3.514261392E0,3.379628374E0,4.986185449E0
3.514303250E0,1.091510417E0,1.824235389E0,1.319372464E0,2.501993894E0
3.524257250E0,1.038797037E0,-5.634166503E-1,-2.405372319E0,2.679991343E0
3.534211250E0,6.398242638E-1,-2.314655399E-1,-4.469095628E0,4.520593669E0
3.544165250E0,8.601671570E-1,6.100283146E-1,-4.122603369E0,4.255335548E0
3.554118250E0,1.838002220E0,1.449261636E0,-4.406416984E0,4.989501186E0
3.564072250E0,7.817804803E-1,3.080050666E0,-4.593000759E0,5.585118512E0
3.574026250E0,-1.472101865E-1,3.246153105E0,2.107541174E-1,3.256316649E0
3.583979250E0,8.893774344E-1,1.000113612E0,1.290957043E0,1.859513255E0
3.593933250E0,-2.345274052E0,-7.515432125E-1,-2.461207674E0,3.481762598E0
3.603887250E0,-6.071543716E-1,-1.764068125E0,-5.891694252E0,6.180018928E0
3.613841250E0,-9.657428748E-1,1.329814129E0,-4.924810367E0,5.191803354E0
3.623794250E0,6.159530059E-1,5.467289892E0,1.702017472E0,5.759124963E0
3.633748250E0,6.249900238E-1,8.773448294E0,6.415821122E0,1.088699996E1
3.643702250E0,5.058441610E-1,4.717882082E0,6.264791635E0,7.858874212E0
3.653655250E0,1.137831840E0,-4.608597622E0,5.773184055E-1,4.781958791E0
3.663609250E0,-6.864695495E-1,-1.110546700E1,-3.323119420E0,1.161231073E1
3.673563250E0,2.449330663E0,-1.178137122E1,-4.855410933E0,1.297593710E1
3.683517250E0,-3.216215654E-1,-8.332738972E0,-1.655045620E0,8.501597216E0
3.693470250E0,1.639355640E0,-5.367340511E-1,-2.486665866E-1,1.742815374E0
3.703424250E0,-1.360195659E-1,4.495434119E0,2.040060212E0,4.938549879E0
3.713378250E0,1.145147036E-1,6.750295891E0,1.833019954E0,6.995682267E0
3.723331250E0,2.476391138E0,4.662151685E0,2.818519035E0,5.984331288E0
3.733285250E0,2.212289803E0,-2.181868640E0,4.273177359E0,5.283447896E0
3.743239250E0,8.281780634E-1,-4.355342433E0,-2.430979908E-3,4.433383868E0
3.753193250E0,4.136010158E0,-3.679956281E0,2.197885333E0,5.956455170E0
3.763146250E0,1.126591372E0,-1.227642807E0,7.232871276E-1,1.816441370E0
3.773100250E0,3.692780394E0,-4.910778219E-1,-6.350099587E-1,3.779023963E0
3.783054250E0,3.944925781E0,-2.408703770E0,-1.346440102E0,4.814269854E0
3.793007250E0,4.204435445E0,-1.115596706E0,-1.037080294E0,4.471841786E0
3.802961917E0,4.387778400E0,2.437411260E0,3.060561604E0,5.878827287E0
3.812915917E0,5.375404406E0,7.120678995E0,9.139350092E0,1.277210875E1
3.822869917E0,3.237665287E0,4.484435506E0,8.246598376E0,9.929704079E0
3.832822917E0,3.910020243E0,8.721917367E-1,-5.819453073E-1,4.048164654E0
3.842776917E0,-7.739083739E-1,-3.118438221E0,-1.865935977E0,3.715549513E0
3.852730917E0,-1.554900503E0,-1.030308049E0,-2.420889367E0,3.056134091E0
3.862683917E0,-8.022765791E-1,-1.424808580E-1,-5.673729934E0,5.731942067E0
3.872637917E0,-2.898070404E0,-3.663751892E0,-5.561616590E0,7.263158341E0
3.882591917E0,-2.866030878E0,-5.600935607E0,-3.950068408E0,7.428839283E0
3.892545917E0,3.145527933E-2,-4.132075859E0,-2.507127612E0,4.833293825E0
3.902498917E0,-2.268940113E0,-1.842275804E0,4.154259610E-1,2.952058282E0
3.912452917E0,-8.415293764E-1,5.222265244E-1,2.529371882E0,2.716360498E0
3.922406917E0,8.036717248E-1,-3.304144621E-2,3.069085967E0,3.172738352E0
3.932359917E0,-1.922680354E-1,-7.906745338E-1,4.309118439E0,4.385274785E0
3.942313917E0,5.219721339E-1,2.833257819E0,6.200566403E0,6.837165238E0
3.952267917E0,4.272261538E-1,4.715523900E0,6.629678941E0,8.146860175E0
3.962221917E0,-9.493814152E-1,4.416223058E0,1.556246094E0,4.777682814E0
3.972174917E0,2.574208040E0,7.305544565E0,-6.248683725E0,9.952063943E0
3.982128917E0,9.208114810E-2,5.196689522E-1,-1.926281874E0,1.997272294E0
3.992082917E0,-6.893224791E-1,-7.775685847E-2,-2.981364576E0,3.061004140E0
4.002035917E0,9.012881396E-1,-5.671721415E0,-2.224009523E0,6.158487028E0
4.011989917E0,-3.066255037E-1,-2.900425370E0,-1.650808727E0,3.351366286E0
4.021943917E0,1.506975481E-1,-1.716766489E0,9.370765346E-1,1.961659848E0
4.031897917E0,3.042116269E-1,-7.301564366E-1,1.316892368E-1,8.018822800E-1
4.041850917E0,-1.955077657E0,1.845316941E-1,-5.883681813E-1,2.050014075E0
4.051804917E0,-5.047570540E-1,-1.008891453E0,-1.653735551E0,2.001869856E0
4.061758917E0,-2.482489857E-1,-2.038428839E0,-2.606196402E0,3.317993276E0
4.071711917E0,5.295348496E-1,-4.411339463E0,-7.456018567E-1,4.505135419E0
4.081665917E0,7.494333909E-1,-1.588500212E0,2.742195037E0,3.256473085E0
4.091619917E0,3.641573549E-1,4.434730080E0,8.874117467E0,9.927205159E0
4.101573917E0,-2.971838585E-1,7.602210653E0,1.006045262E1,1.261327206E1
4.111526917E0,-2.280768592E0,4.045092679E0,4.821580406E0,6.694200307E0
4.121480917E0,1.237397278E0,6.616810389E0,-6.618794349E0,9.440432744E0
4.131434917E0,7.931219590E-1,-3.318142270E0,-2.544867004E0,4.256225868E0
4.141387917E0,6.377818313E-1,-4.191315170E0,-2.481690470E0,4.912502021E0
4.151341917E0,1.115417197E0,-6.400924755E0,-3.094191572E0,7.196527964E0
4.161295917E0,-4.822468817E-1,-7.871153337E-1,-4.821449136E0,4.909020714E0
4.171249917E0,1.188568934E0,3.014474727E0,1.990250121E0,3.802742370E0
4.181202917E0,5.998318303E-1,4.089977075E0,5.214118903E0,6.653927159E0
4.191156917E0,-7.396914180E-1,2.529267510E0,3.420202496E0,4.317652446E0
4.201110917E0,-3.849842234E-1,-7.068821794E-1,9.545866066E-1,1.248651616E0
4.211064917E0,-1.552713791E0,-2.678041141E0,-2.495587547E0,3.976277364E0
4.221017917E0,-1.246426841E0,-3.553822483E0,5.082899782E-1,3.800209575E0
4.230971917E0,-5.509062400E-1,1.693655954E0,2.515106723E0,3.081838737E0
4.240925917E0,1.200064268E-2,4.436888872E0,5.779489108E0,7.286193878E0
4.250878917E0,2.276227864E-1,2.154613014E0,4.448880634E0,4.948404618E0
4.260832917E0,1.218690939E-1,-2.847567710E0,-6.263124593E0,6.881149876E0
4.270786917E0,6.049415293E-1,-1.664786496E0,-9.778420942E0,9.937554249E0
4.280740917E0,-4.932221420E-1,-6.830309774E0,-6.531657388E0,9.463558946E0
4.290693917E0,1.418879503E0,-4.589799993E0,-3.529732540E0,5.961417182E0
4.300647917E0,1.658151661E0,-5.394192680E0,-3.552888098E0,6.668567720E0
4.310601917E0,1.676508117E0,-1.177760210E0,-5.393720809E0,5.769750666E0
4.320554917E0,1.610035946E0,1.008720129E0,-4.271417639E0,4.674905421E0
4.330508917E0,3.622250694E-1,2.321234102E0,1.756272617E-1,2.355881935E0
4.340462917E0,-5.504228946E-2,6.995604129E0,8.006821604E0,1.063253022E1
4.350416917E0,-1.127831420E-1,1.197930063E1,1.241210569E1,1.725041250E1
4.360369917E0,6.638904532E-1,9.109295989E0,7.365108397E0,1.173306634E1
4.370323917E0,-7.254409495E-1,3.346227032E-1,8.292559245E-1,1.151478316E0
4.380277917E0,-4.979292237E-1,-6.784316161E0,-3.432795644E0,7.619643379E0
4.390230917E0,-2.683660315E0,-8.502618713E0,-1.084003732E1,1.403577454E1
4.400184917E0,2.122082103E-1,-3.494184977E0,-7.475730700E0,8.254750783E0
4.410138917E0,-1.520569015E0,-3.699190696E0,1.455674277E0,4.256187207E0
4.420092917E0,9.365587637E-2,1.912504372E0,1.881974890E0,2.684822877E0
4.430045917E0,-9.035595636E-1,2.542196288E0,-4.064575016E-2,2.698302046E0
4.439999917E0,-2.807115795E0,3.295307724E0,-3.019151330E-1,4.339366870E0
4.449953917E0,-1.281153455E0,1.407218401E0,3.216416798E0,3.737238930E0
4.459907917E0,-1.876814137E0,-2.200780874E-1,2.622876754E0,3.232699822E0
4.469860917E0,-6.524648476E-1,1.548167288E0,-1.274755870E0,2.108917935E0
4.479814917E0,-9.522225773E-1,7.681686008E-1,1.029339750E0,1.598859330E0
4.489768917E0,-9.778675881E-1,-1.786407412E0,3.289614290E-1,2.062932884E0
4.499721917E0,-5.335702689E-1,-1.295637154E0,-2.512784501E0,2.877057319E0
4.509675917E0,2.472219589E-1,-2.928042939E0,-3.095768566E0,4.268294410E0
4.519629917E0,2.986425012E-1,-3.254495913E0,-3.580038475E0,4.847432977E0
4.529583917E0,-1.896553716E-1,-3.728930805E0,-4.633036060E0,5.950287156E0
4.539536917E0,3.624443400E-1,-2.699336700E0,-3.487360691E0,4.424869389E0
4.549490917E0,6.882157474E-1,1.567529758E0,-1.140647348E0,2.057150172E0
4.559444917E0,1.257735064E0,3.725776232E0,2.141850881E0,4.477815451E0
4.569397917E0,1.239774902E0,6.214922487E0,4.075311089E0,7.534617694E0
4.579351917E0,5.298533035E-1,7.292795881E0,3.525512896E0,8.117564750E0
4.589305917E0,9.250823604E-1,5.465849138E0,1.119990012E0,5.655586778E0
4.599259917E0,-2.620481223E-1,5.781756073E-1,-8.029656735E-1,1.023577122E0
4.609212917E0,-1.369349493E0,-4.223676585E0,-5.487931733E0,7.059175351E0
4.619166917E0,-8.132677366E-1,-7.552235085E0,-9.206938058E0,1.193588571E1
4.629120917E0,-1.357529347E0,-8.687339272E0,-1.065326673E1,1.381321257E1
4.639073917E0,-7.982434621E-1,-7.669936028E0,-6.655402597E0,1.018624048E1
4.649027917E0,-5.335229430E-1,3.094492119E0,7.024594624E0,7.694508291E0
4.658981917E0,-1.005749159E0,1.995876429E1,1.844053240E1,2.719222386E1
4.668935917E0,-6.071881758E-1,1.871465221E1,1.044377854E1,2.144013514E1
4.678888917E0,7.571248184E-1,5.637914568E-1,-4.246014118E-1,1.035077367E0
4.688842917E0,-3.133706763E0,-6.274612033E0,-1.538888693E1,1.691179219E1
4.698796917E0,-2.847507484E0,-1.187808767E1,-9.659890280E0,1.557275653E1
4.708750917E0,-2.399390910E0,-6.390106237E0,-7.300372703E0,9.994297177E0
4.718703917E0,-1.052974269E0,-3.696032615E0,2.546548371E0,4.610240830E0
4.728657917E0,-3.039058468E0,4.117614525E0,4.880442279E0,7.071728402E0
4.738611917E0,-1.523217219E0,8.713136603E0,6.473164766E0,1.096087598E1
4.748564917E0,-1.777123057E0,3.600955135E0,3.554149927E0,5.362557780E0
4.758518917E0,-1.986376633E0,-2.715566817E0,-8.128226173E-1,3.461311294E0
4.768472917E0,1.161222895E0,-6.963211139E0,-3.837666796E0,8.035075259E0
4.778426917E0,1.574351851E0,-6.714692194E0,-2.804978930E0,7.445373182E0
4.788379917E0,2.395148170E-1,-9.428705406E-1,2.842093547E0,3.003975355E0
4.798333792E0,-1.850402556E-2,7.374954523E0,6.367898512E0,9.743737891E0
4.808287792E0,1.098501787E0,7.530155414E0,7.276449405E0,1.052884907E1
4.818241792E0,-2.905281483E0,8.619458946E0,-2.092582827E0,9.333522160E0
4.828194792E0,-1.934127229E0,2.278758758E0,-1.605319728E0,3.392733565E0
4.838148792E0,-1.482149592E0,-2.037250040E0,-5.556974486E-1,2.579913718E0
4.848102792E0,-1.371386956E0,-3.231050917E0,7.307879359E-1,3.585309361E0
4.858055792E0,2.112251983E0,-6.122796680E0,1.741561607E0,6.706957914E0
4.868009792E0,-1.187524037E0,-4.019161447E0,-2.426216766E0,4.842561292E0
4.877963792E0,4.821458710E-1,-5.837248489E0,-2.708820300E0,6.453188512E0
4.887917792E0,1.138390322E0,-3.225330586E0,-4.418552004E0,5.587691090E0
4.897870792E0,2.441898486E-1,-3.026127643E0,-5.470276650E0,6.256277153E0
4.907824792E0,1.848910055E0,-2.415478939E-1,-2.683477882E0,3.267700616E0
4.917778792E0,-7.887769662E-1,6.566634847E0,4.652066115E0,8.086073303E0
4.927732792E0,-2.006296488E0,9.921590602E0,9.473077002E0,1.386370706E1
4.937685792E0,8.402726635E-1,7.062568197E0,7.516008076E0,1.034776812E1
4.947639792E0,5.580444113E-1,-8.572368979E-1,-2.293838727E0,2.511566198E0
4.957593792E0,3.296064865E-1,-3.283713280E0,-4.032404805E0,5.210729494E0
4.967546792E0,4.056262322E0,-5.340111782E0,1.453174008E0,6.861615886E0
4.977500792E0,9.869255099E-1,1.551503125E0,4.472076246E-1,1.892400213E0
4.987454792E0,1.552498321E0,2.079890276E0,2.349063340E-1,2.606026781E0
4.997408792E0,9.253581297E-1,4.259534635E0,-3.902846586E0,5.850823399E0
5.007361792E0,2.645181689E-1,2.717481780E-1,-4.010582412E0,4.028472194E0
5.017315792E0,8.225750421E-1,-2.536434442E0,-4.289999213E0,5.051160523E0
5.027269792E0,1.958490530E0,-5.443617439E0,-2.500757071E0,6.302574229E0
5.037222792E0,1.062892243E0,-3.529278796E0,2.118522245E-1,3.691941238E0
5.047176792E0,8.501645444E-1,-1.434060629E0,1.980432938E0,2.588710927E0
5.057130792E0,3.814409204E-2,1.333350525E0,-1.550430161E-1,1.342876365E0
5.067084792E0,3.789399566E-1,1.388565198E0,-3.838412316E0,4.099404580E0
5.077037792E0,5.465410377E-1,2.706804764E-1,-5.805778189E0,5.837725191E0
5.086991792E0,-3.487667524E-1,-3.144803317E0,-4.309072246E0,5.345982582E0
5.096945792E0,8.840395843E-1,-5.757716416E0,1.020359012E0,5.913878323E0
5.106899792E0,7.878406808E-2,1.156176383E0,8.846125676E0,8.921708930E0
5.116852792E0,6.826736833E-1,1.000364809E1,1.644071214E1,1.925710347E1
5.126806792E0,6.435180961E-1,1.375269331E1,1.382163666E1,1.950867317E1
5.136760792E0,1.152511787E-2,3.306810367E0,5.363589522E0,6.301049134E0
5.146713792E0,-1.293796597E-1,-3.961788567E0,-9.544558629E0,1.033494592E1
5.156667792E0,1.373980050E0,-3.264457229E0,-9.523887552E0,1.016114837E1
5.166621792E0,-1.729133643E0,-4.694095609E0,-3.197768565E0,5.937184563E0
5.176575792E0,-5.004627857E-1,-3.688274530E0,-5.706960829E0,6.813459761E0
5.186528792E0,-3.899828619E-1,-5.740052562E0,-5.849972030E0,8.205026679E0
5.196482792E0,-4.499956867E-1,-4.498347201E0,-4.608190656E0,6.455466271E0
5.206436792E0,-1.037591341E-1,-3.572286236E0,-3.098784852E0,4.730165163E0
5.216389792E0,-9.878556557E-1,-1.656301602E0,-2.932984714E0,3.510212689E0
5.226343792E0,-1.234154997E0,2.035677724E0,-2.659790519E0,3.569538900E0
5.236297792E0,-1.284393689E0,3.433420127E0,-5.555077064E-1,3.707644769E0
5.246251792E0,-6.131729472E-1,4.284118668E0,-1.214656726E0,4.495002201E0
5.256204792E0,-2.335463009E0,4.245271522E0,-1.591436099E0,5.099939864E0
5.266158792E0,-9.793415250E-1,2.168847476E0,1.076472402E0,2.611857964E0
5.276112792E0,-2.412998258E0,1.806534113E0,2.722947465E0,4.062089240E0
5.286066792E0,-7.277488455E-1,3.855293228E0,9.440337857E0,1.022315426E1
5.296019792E0,1.644521216E0,2.458084091E0,9.977419817E0,1.040651400E1
5.305973792E0,-8.573845401E-1,3.068254493E0,2.081733903E0,3.805641854E0
5.315927792E0,1.635356583E0,-2.932582718E0,-1.386376293E0,3.632694836E0
5.325881792E0,1.182720257E0,-3.543224990E0,-5.616462303E0,6.745214551E0
5.335834792E0,1.137023097E0,-3.828670270E0,-6.249746164E0,7.416930947E0
5.345788792E0,2.035056530E-1,-2.421540163E0,-4.686645379E0,5.279196551E0
5.355742792E0,1.082717959E-2,-2.668410192E0,-1.618500522E0,3.120909182E0
5.365695792E0,2.458113912E-1,1.854140389E0,2.451825231E0,3.083781248E0
5.375649792E0,2.849859088E-1,8.403549339E0,1.079354260E1,1.368215701E1
5.385603792E0,6.128467822E-1,8.563581784E0,9.953919858E0,1.314500037E1
5.395557792E0,1.393203210E0,3.526829397E0,1.445895686E0,4.058343888E0
5.405510792E0,3.413484922E0,-2.830908408E0,-5.668342894E0,7.196946081E0
5.415464792E0,-4.838256299E-1,-9.071872054E0,-1.242317798E1,1.539052634E1
5.425418792E0,1.074219469E0,-6.953732802E0,-9.407770035E0,1.174795660E1
5.435372792E0,3.508876837E-1,-3.701416731E0,5.451121756E0,6.598358613E0
5.445325792E0,-5.859416599E-1,6.237341881E0,1.036661049E1,1.211257093E1
5.455279792E0,-1.685233186E0,7.625053970E0,5.322087740E0,9.450189249E0
5.465233792E0,4.798872013E-1,2.017879384E0,-2.013223831E0,2.890536132E0
5.475186792E0,2.320314408E-1,-4.075808102E0,-7.972704270E0,8.957123626E0
5.485140792E0,1.428421574E0,-7.520854248E0,-7.548221557E0,1.075078069E1
5.495094792E0,2.147570847E-1,-6.869222410E0,-3.995867017E0,7.949798132E0
5.505048792E0,1.050656360E0,-4.247386460E0,-1.132925515E0,4.519700294E0
5.515001792E0,-9.552471227E-1,-3.284884477E0,2.048824019E0,3.987561028E0
5.524955792E0,-9.938417427E-1,2.275226455E0,2.613015133E0,3.604472904E0
5.534909792E0,5.721277591E-1,8.050695017E0,1.535191732E0,8.215706548E0
5.544863792E0,1.084211338E0,1.039871755E1,2.774683629E0,1.081701022E1
5.554816792E0,1.346903202E-1,1.100704199E1,-2.182765603E-1,1.101002995E1
5.564770792E0,3.263831577E0,6.622507331E0,5.303914009E0,9.090748249E0
5.574724792E0,2.961339324E0,-6.153598058E-1,4.595019802E0,5.501127636E0
5.584677792E0,2.062971357E0,-3.597482473E0,-3.413622917E0,5.371271021E0
5.594631792E0,4.541716877E0,-7.617553747E0,-4.437328582E0,9.916864536E0
5.604585792E0,2.110791641E0,-5.574838314E0,-8.153453985E0,1.010015225E1
5.614539792E0,2.871413240E0,-6.528026267E0,-1.147857549E1,1.351361670E1
5.624492792E0,-3.628333991E-1,-6.236406911E0,-1.036561179E1,1.210249259E1
5.634446792E0,-5.474724627E-1,-4.490524212E0,-7.015025656E0,8.347162317E0
5.644400792E0,1.782109270E-1,-2.523786914E0,-1.888591014E0,3.157219590E0
5.654354792E0,7.277990585E-1,2.677509044E0,3.696017413E0,4.621611285E0
5.664307792E0,1.496591923E0,5.654300805E0,8.851670006E0,1.060956959E1
5.674261792E0,1.928031507E0,8.667634740E0,1.402046772E1,1.659574381E1
5.684215792E0,2.534583798E-1,7.523265055E0,8.914012434E0,1.166719229E1
5.694169792E0,1.123454706E0,1.093773143E0,-7.186263120E-1,1.724793884E0
5.704122792E0,3.315198782E0,-3.214955871E0,-4.372131543E0,6.359403938E0
5.714076792E0,2.859055296E-1,-6.735498927E0,-7.035380398E0,9.743986100E0
5.724030792E0,4.896375649E0,-9.399352384E-1,-5.644438891E0,7.531113009E0
5.733983792E0,1.271841618E0,-1.059094477E0,8.111368065E0,8.278499508E0
5.743937792E0,1.771740695E-1,3.605360427E0,8.260351612E0,9.014622744E0
5.753891792E0,2.140793704E0,1.558490548E0,2.293005791E0,3.502822580E0
5.763845792E0,1.052695942E0,1.453674529E0,-2.192556181E0,2.833485661E0
5.773798792E0,-7.683296916E-1,2.514678122E0,1.104044362E0,2.851815303E0
5.783752792E0,-4.818391480E-1,2.128972389E0,5.190349386E0,5.630667736E0
5.793706792E0,8.014089985E-1,3.678305027E0,4.371277850E0,5.768904081E0
5.803660917E0,1.261427726E0,2.099377291E0,-8.648523116E-1,2.597413029E0
5.813613917E0,8.768662202E-1,-2.299032809E0,-4.389943624E0,5.032499503E0
5.823567917E0,1.249410383E-1,-6.492599741E0,-3.714313058E0,7.481014848E0
5.833521917E0,-7.975218426E-1,-5.058190618E0,-2.441730891E0,5.673040028E0
5.843474917E0,1.154391667E-1,-2.003998679E-1,-2.113471712E0,2.126087718E0
5.853428917E0,6.568588840E-1,3.245598789E0,1.098138967E0,3.488736775E0
5.863382917E0,1.310842400E0,4.600031451E0,2.686366407E0,5.485905724E0
5.873336917E0,-6.021630786E-1,3.422835497E0,4.066687616E0,5.349425331E0
5.883289917E0,-6.556007825E-2,2.163789049E0,2.746868132E0,3.497365538E0
5.893243917E0,9.396771569E-1,-1.643321368E0,3.258526983E0,3.768487280E0
5.903197917E0,1.072570847E0,-1.427022920E0,-8.607431808E-1,1.981837900E0
5.913151917E0,-1.605087009E-1,-1.670274693E0,-4.494421381E0,4.797437247E0
5.923104917E0,5.285511652E-1,-6.727011108E-1,-6.932214464E0,6.984804256E0
5.933058917E0,1.826204585E-1,-2.780005472E0,-5.463986800E0,6.133264417E0
5.943012917E0,-6.072033054E-1,-3.631857085E0,-6.204986898E0,7.215327029E0
5.952966917E0,-7.573117100E-1,-4.957079980E0,-4.108241438E0,6.482577471E0
5.962919917E0,-1.224764661E0,-2.997486811E0,-9.773585880E-1,3.382337279E0
5.972873917E0,-1.533915577E0,5.136422271E-1,3.480179141E0,3.837756140E0
5.982827917E0,-1.139759156E0,3.497793878E0,8.141335630E0,8.933921804E0
5.992780917E0,-5.282175084E-1,8.445760973E0,1.352001857E1,1.594994653E1
6.002734917E0,-1.167563031E0,3.485932801E0,1.210259269E1,1.264862367E1
6.012688917E0,2.450346763E0,-1.707117999E-1,-8.697195339E-1,2.605715611E0
6.022642917E0,3.566239923E0,-5.108863174E0,-3.326682129E0,7.062957178E0
6.032595917E0,2.966942711E0,-3.523211140E0,-2.520128312E0,5.250410698E0
6.042549917E0,2.811217325E0,-2.060886240E0,-2.598292721E0,4.347564836E0
6.052503917E0,2.341559023E0,3.793433779E-1,-3.045600333E0,3.860373226E0
6.062457917E0,4.430419220E-1,3.086170362E0,-6.268877669E0,7.001397066E0
6.072410917E0,1.052753171E0,1.987705997E0,-6.495309341E0,6.873740452E0
6.082364917E0,-8.898702085E-2,1.474415773E0,-5.900831696E0,6.082896947E0
6.092318917E0,1.995367750E0,1.511245045E0,-2.554598233E0,3.576496355E0
6.102272917E0,5.691507223E-1,3.655735359E0,3.546138657E0,5.124786136E0
6.112225917E0,1.429009512E0,6.709804507E0,7.066833156E0,9.849044398E0
6.122179917E0,1.296503858E0,5.845635735E0,5.517777091E0,8.142373328E0
6.132133917E0,2.879246755E0,-1.870604979E0,1.225810874E0,3.645797192E0
6.142086917E0,-6.246353902E-1,-7.790798560E0,-9.105346195E0,1.199975170E1
6.152040917E0,3.101930947E0,-5.915716369E0,-8.069171634E0,1.047517096E1
6.161994917E0,9.141281135E-1,-2.221202860E0,1.508044572E0,2.836118965E0
6.171948917E0,6.382060468E-1,5.389381590E0,3.246051364E0,6.323732311E0
6.181901917E0,-1.114332831E0,4.240730574E0,2.120200688E0,4.870398794E0
6.191855917E0,-3.403662769E-1,2.345201254E-1,-3.584542585E0,3.608295226E0
6.201809917E0,2.637135190E-1,-6.484834054E0,-5.012590522E0,8.200529329E0
6.211763917E0,-5.487325376E-1,-8.959823615E0,-4.901603352E0,1.022767139E1
6.221716917E0,2.169352967E0,-3.951575235E0,-1.746710081E0,4.834463284E0
6.231670917E0,-1.715818655E-1,2.181665742E0,4.359400985E0,4.877856363E0
6.241624917E0,5.911774760E-1,6.248135256E0,7.387092758E0,9.693184431E0
6.251578917E0,2.574103959E0,8.636229930E0,5.070570928E0,1.034026925E1
6.261531917E0,2.934044814E0,4.596964586E0,4.122117466E-1,5.469060331E0
6.271485917E0,1.663227190E0,9.136274457E-1,-1.817723345E0,2.627766724E0
6.281439917E0,1.101213579E0,-2.138512706E0,-3.506078506E0,4.251881281E0
6.291392917E0,1.834049941E0,-4.638164068E0,-6.380565920E0,8.098637328E0
6.301346917E0,7.808987202E-1,-5.273541232E0,-7.719475978E0,9.381383123E0
6.311300917E0,1.502738954E0,-5.704702050E0,-5.037124270E0,7.757220556E0
6.321254917E0,2.851641465E0,3.044902468E-1,5.223180918E0,5.958707264E0
6.331207917E0,8.800987802E-1,1.250343218E1,1.527783778E1,1.976164764E1
6.341161917E0,3.913355787E-1,1.329251978E1,1.301037993E1,1.860414501E1
6.351115917E0,3.533128018E0,1.259672100E0,3.471764705E0,5.111058360E0
6.361069917E0,-2.795281616E0,-6.435516883E0,-1.197442406E1,1.387862775E1
6.371022917E0,3.919489809E0,-2.930485906E0,-1.386918622E1,1.470729324E1
6.380976917E0,1.660263967E0,-2.206875427E0,-1.530754280E0,3.157528188E0
6.390930917E0,2.043635492E-1,5.438953115E0,7.220159429E-1,5.490471972E0
6.400884917E0,1.836598303E0,3.156550373E0,3.133616424E0,4.812115489E0
6.410837917E0,9.859643738E-1,-2.343195659E-1,6.804717681E-1,1.220685558E0
6.420791917E0,1.122023089E0,-3.392894830E0,-1.890246946E-1,3.578603285E0
6.430745917E0,-5.901103592E-1,-3.443237017E0,-1.220110424E0,3.700375770E0
6.440699917E0,-1.097661834E0,-3.654736070E0,-3.697635337E0,5.313611232E0
6.450652917E0,-1.280732017E0,-2.526386002E0,1.288302407E-1,2.835400846E0
6.460606917E0,-1.024090851E0,8.758602798E-2,3.322936987E0,3.478267328E0
6.470560917E0,-9.114810790E-1,1.339293635E0,-4.848253942E-1,1.691023614E0
6.480513917E0,-9.398621482E-1,2.651468470E0,-2.275425260E0,3.618174404E0
6.490467917E0,1.255143578E0,2.361926630E0,-1.116425257E0,2.898359563E0
6.500421917E0,8.941358985E-1,-6.815824467E-1,2.989272058E-2,1.124689829E0
6.510375917E0,2.266715101E0,-1.283933952E0,4.803037715E0,5.464032855E0
6.520328917E0,1.933086863E0,1.250709488E0,7.946134522E0,8.272977269E0
6.530282917E0,1.081362867E0,6.840803772E-1,6.360421093E0,6.487855430E0
6.540236917E0,1.251948805E0,2.780467987E-1,2.178249506E0,2.527737475E0
6.550190917E0,-4.311500010E-1,-3.326952855E0,-2.230195585E0,4.028433687E0
6.560143917E0,2.875553069E0,-2.327244455E-1,-3.484724767E0,4.523966492E0
6.570097917E0,1.129385172E0,-7.406241220E-1,6.769298172E-1,1.510718019E0
6.580051917E0,7.085401574E-1,1.479785855E0,-5.462863550E-1,1.729226450E0
6.590005917E0,1.297958352E0,-1.951421100E0,-3.843369586E0,4.501580830E0
6.599958917E0,9.587245350E-1,-5.391791228E0,-4.496409434E0,7.085778940E0
6.609912917E0,1.927655385E0,-3.515981643E0,-5.597264140E0,6.885299416E0
6.619866917E0,1.457533838E0,-5.590610594E-1,-4.892428486E0,5.135446490E0
6.629820917E0,2.299197992E0,2.189334365E0,-4.927056867E0,5.861346751E0
6.639773917E0,2.383434151E0,-2.892617583E-3,-1.668574030E0,2.909451153E0
6.649727917E0,1.956796446E0,-3.837642823E0,3.308220130E0,5.431470813E0
6.659681917E0,2.357862376E0,-2.360180066E0,8.968114382E0,9.568544325E0
6.669634917E0,1.432030037E0,1.222666826E0,8.817073785E0,9.015897866E0
6.679588917E0,4.316304959E-1,1.519007809E0,2.236117060E0,2.737500523E0
6.689542917E0,2.840241149E0,4.228115791E0,-4.643385631E0,6.892384424E0
6.699496917E0,3.767398467E0,9.814733906E0,3.093655967E0,1.095869518E1
6.709449917E0,1.676817435E0,1.155979800E1,6.153610922E0,1.320255936E1
6.719403917E0,6.172130808E-1,6.385513834E0,2.011132282E0,6.723123676E0
6.729357917E0,3.203645602E0,-2.860677752E0,-1.834827328E0,4.670483237E0
6.739311917E0,4.723503596E0,-1.026004849E1,-4.448878587E0,1.213971178E1
6.749264917E0,3.280334759E0,-8.893080572E0,-3.432923114E0,1.008129155E1
6.759218917E0,2.814923290E0,-1.105983299E0,-1.742716432E0,3.490566251E0
6.769172917E0,1.366220356E0,4.736648721E0,1.431515921E0,5.133384556E0
6.779126917E0,1.724156346E0,4.973428795E0,1.400785002E0,5.447009061E0
6.789079917E0,1.896343253E0,2.358774396E0,-7.028189492E-1,3.107070784E0
6.799033625E0,1.373412724E0,5.499043196E-1,2.396324922E0,2.816208515E0
6.808987625E0,6.069803073E-1,1.245081543E0,2.314239662E0,2.697101844E0
6.818941625E0,2.026604892E0,-4.427190095E-1,2.089031228E0,2.944007299E0
6.828894625E0,1.644950694E0,-8.445051706E-1,-1.494819047E0,2.377716500E0
6.838848625E0,7.518382046E-1,-1.235741785E0,-3.531238782E0,3.816014385E0
6.848802625E0,1.717140565E0,1.140504676E0,-7.158453763E-2,2.062631082E0
6.858755625E0,1.515348329E0,3.710994471E0,9.553180933E-2,4.009599337E0
6.868709625E0,1.697661881E0,1.932848589E0,-1.056593330E0,2.781069758E0
6.878663625E0,2.801341377E0,-5.917920184E-1,-1.884592688E0,3.427742830E0
6.888617625E0,2.243275368E0,-6.162667090E-1,-1.850099378E0,2.972362149E0
6.898570625E0,9.100381324E-1,-1.034271877E0,-4.807662570E-1,1.459117511E0
6.908524625E0,7.361561184E-1,-5.377456194E-1,-7.307873511E-1,1.168394768E0
6.918478625E0,1.352698670E0,-7.462199074E-1,-9.535621744E-1,1.815466514E0
6.928432625E0,1.340160193E0,-1.488380678E0,-1.019789493E-1,2.005419181E0
6.938385625E0,3.882159430E-1,-1.380775537E0,-9.464876282E-1,1.718456148E0
6.948339625E0,8.461853680E-1,-1.994209855E0,-2.514885698E0,3.319269904E0
6.958293625E0,2.314909022E0,-2.302365721E0,-3.643754122E0,4.892508130E0
6.968247625E0,2.431278554E0,-1.051542213E0,1.998125151E0,3.318035646E0
6.978200625E0,1.556844703E0,3.367023239E0,6.430481261E0,7.423725491E0
6.988154625E0,1.271443422E-1,4.496589528E0,6.014839538E0,7.510910580E0
6.998108625E0,1.813555304E0,2.504174184E0,-1.464566138E0,3.421231526E0
7.008062625E0,5.450553406E0,2.871272323E0,-7.758647060E0,9.907034945E0
7.018015625E0,3.328088969E0,2.086610481E0,-6.748778538E0,7.808721486E0
7.027969625E0,2.402953180E0,2.622393774E0,-4.451832308E0,5.698240430E0
7.037923625E0,2.950067647E0,1.670467651E0,-3.253869384E0,4.699045356E0
7.047877625E0,2.728461974E0,-2.562076821E0,-3.847885975E0,5.367957606E0
7.057830625E0,3.461907177E0,-3.718753141E0,7.684410810E-3,5.080746528E0
7.067784625E0,8.269266862E-1,2.241286876E0,7.825968978E0,8.182479150E0
7.077738625E0,7.016030207E-1,4.986855757E0,8.669122857E0,1.002570039E1
7.087692625E0,1.786880598E0,4.173610386E0,2.912170672E-1,4.549370649E0
7.097645625E0,3.531640486E0,-1.996419518E0,-6.462018803E0,7.629932007E0
7.107599625E0,2.423602768E0,-5.843444783E0,-3.817689784E0,7.388805898E0
7.117553625E0,4.413131050E0,5.099536865E0,7.442392800E0,1.004341638E1
7.127506625E0,-1.607062637E0,7.607671952E0,1.182538789E1,1.415270721E1
7.137460625E0,3.175150658E-1,8.545159546E0,1.317077140E0,8.651893416E0
7.147414625E0,5.217565836E0,3.078050333E-1,-5.994587122E0,7.953163644E0
7.157368625E0,4.321074241E0,-2.388276522E0,-1.225293396E1,1.321022096E1
7.167321625E0,1.255798466E0,-7.737376059E0,-8.987542341E0,1.192560000E1
7.177275625E0,1.300305717E0,-9.114524569E0,-4.751553274E0,1.036062795E1
7.187229625E0,2.923904865E0,-3.414729502E0,-1.983061261E0,4.913464073E0
7.197183625E0,3.562934784E0,6.147511107E0,1.094498666E1,1.304910457E1
7.207136625E0,4.829224178E-1,1.369982630E1,1.462849863E1,2.004772872E1
7.217090625E0,9.685222757E-1,7.299376922E0,3.110048636E0,7.993205951E0
7.227044625E0,3.960288756E0,-1.647553582E0,-6.040099509E0,7.408179393E0
7.236998625E0,4.776146078E0,-5.737422484E0,-9.499193006E0,1.208156678E1
7.246951625E0,4.914178959E0,-3.847662027E0,-4.139789213E0,7.489426723E0
7.256905625E0,6.207184281E0,1.906492850E0,6.538224396E0,9.214783228E0
7.266859625E0,6.491245526E-1,9.092365376E0,1.412515978E1,1.681108592E1
7.276813625E0,3.311661509E0,5.568131558E0,1.258856179E1,1.415779217E1
7.286766625E0,1.111396505E0,2.220087211E0,3.174249310E0,4.029869489E0
7.296720625E0,2.016113525E0,-2.974239451E0,-2.870713329E0,4.599109596E0
7.306674625E0,1.766813831E0,-4.696646165E0,-8.256390708E0,9.661682247E0
7.316628625E0,6.318093391E-1,-7.317239581E0,-7.725716711E0,1.065963774E1
7.326581625E0,1.258852905E0,-7.457651110E0,-1.817787957E0,7.778536094E0
7.336535625E0,8.986866403E-1,5.430239010E-1,9.385719016E0,9.444269907E0
7.346489625E0,1.988700901E-1,9.339316682E0,9.233243512E0,1.313450308E1
7.356443625E0,7.799728136E-1,6.360833906E0,2.500523182E0,6.879039305E0
7.366396625E0,3.305366689E-1,2.682607232E0,-2.731436160E0,3.842704718E0
7.376350625E0,1.362781316E-2,-1.729966578E0,-2.985757589E0,3.450756216E0
7.386304625E0,2.130738686E0,-3.799849344E0,-5.660411146E0,7.142769542E0
7.396258625E0,2.593716690E0,-6.039336448E0,-7.265306951E0,9.797225938E0
7.406211625E0,1.236828490E0,-6.991532713E0,-7.239338297E0,1.013998488E1
7.416165625E0,-2.365568568E-1,-7.888436537E0,-6.872390431E0,1.046485262E1
7.426119625E0,1.418678797E0,-6.230839777E0,-4.044953807E0,7.562913801E0
7.436073625E0,1.845071357E-1,3.288768783E0,2.082464805E0,3.897012016E0
7.446026625E0,6.524296913E-1,1.130782042E1,1.270160601E1,1.701832138E1
7.455980625E0,-3.694015034E-1,1.525541487E1,9.483834710E0,1.796683782E1
7.465934625E0,-2.012066959E0,3.836918353E0,6.465150572E0,7.782578481E0
7.475888625E0,-2.179125127E0,-4.849647918E0,-7.711215616E0,9.366457042E0
7.485841625E0,-9.717066693E-1,-9.108301377E0,-5.374380559E0,1.062023231E1
7.495795625E0,-2.864221165E0,-2.566503164E0,4.140792888E0,5.651271283E0
7.505749625E0,2.171248050E-1,5.942127657E0,1.032480758E1,1.191459927E1
7.515703625E0,1.585550292E0,8.909513002E0,7.561312303E0,1.179266023E1
7.525656625E0,5.658239490E-1,4.959319464E0,7.301508817E-1,5.044613622E0
7.535610625E0,2.527587020E0,-5.188851330E0,-5.994664890E-1,5.802778157E0
7.545564625E0,7.181003550E-1,-5.985046220E0,-4.161147045E0,7.324724644E0
7.555517625E0,1.771450527E-1,-6.363421884E0,-5.157692102E0,8.193064522E0
7.565471625E0,1.373075924E0,-3.233092180E0,-4.345336677E0,5.587501533E0
7.575425625E0,-4.448883265E-2,-3.261159984E0,-3.108921585E0,4.505833677E0
7.585379625E0,-1.689096880E-1,-2.085908230E0,-2.992988256E0,3.652057273E0
7.595332625E0,5.375804356E-1,-2.771863809E0,-2.454476359E0,3.741213159E0
7.605286625E0,-4.319289963E-1,-2.333723754E0,1.097986062E0,2.615033960E0
7.615240625E0,1.042785569E0,2.565060071E0,3.634300051E0,4.568924575E0
7.625194625E0,2.851599365E-1,7.431940318E0,5.255754586E0,9.107030765E0
7.635147625E0,6.110616638E-1,1.216335695E1,-3.108887964E0,1.256924155E1
7.645101625E0,2.881529801E0,7.248558186E0,-2.667095446E0,8.243676843E0
7.655055625E0,1.450162399E0,3.949039882E-1,1.207502365E0,1.927947641E0
7.665009625E0,3.740898886E0,-5.512920393E0,6.558023652E-1,6.694527054E0
7.674962625E0,2.002270534E0,-7.559559308E0,5.892176063E0,9.791514846E0
7.684916625E0,2.743259815E0,-1.121993560E0,8.354886471E0,8.865013926E0
7.694870625E0,2.876596212E0,6.245526229E0,8.121011878E0,1.064106374E1
7.704824625E0,9.813873196E-1,4.976533667E0,6.685866591E0,8.392247642E0
7.714777625E0,-1.343303071E0,2.852845407E0,-4.230515781E0,5.276405389E0
7.724731625E0,2.729486114E0,6.063289567E0,-1.175868051E1,1.350852109E1
7.734685625E0,9.791785339E-1,-4.406781558E0,-8.045848260E0,9.225735121E0
7.744639625E0,-1.432444751E0,-7.517106768E0,-7.582776262E0,1.077298881E1
7.754592625E0,2.675626241E0,-9.523548414E0,-8.616207894E0,1.311853607E1
7.764546625E0,-1.167021652E0,-1.192942389E1,-3.502826284E0,1.248770939E1
7.774500625E0,2.126661423E0,-4.904066200E0,5.482785013E-1,5.373375421E0
7.784454625E0,2.388740791E0,2.695682191E0,1.787204388E0,4.020806457E0
7.794407625E0,1.124803732E0,7.598652622E0,-1.745555255E0,7.877288128E0
7.804361500E0,1.848922918E0,4.300170445E0,-3.581067877E0,5.893558259E0
7.814315500E0,5.349977204E-1,-1.517337259E0,-2.069356224E0,2.621215386E0
7.824269500E0,3.191472868E0,-2.147570627E0,3.657204180E0,5.307796255E0
7.834222500E0,3.266194437E0,2.695339544E0,4.981922461E0,6.538534451E0
7.844176500E0,1.489387714E0,2.590888392E0,7.150671118E-1,3.072832471E0
7.854130500E0,4.174166456E-1,-2.669566187E0,-3.649818562E0,4.541144769E0
7.864084500E0,1.595365575E0,-5.648199821E0,1.520833894E0,6.063026329E0
7.874037500E0,-1.396665638E0,3.278709233E-1,6.487317367E0,6.644054550E0
7.883991500E0,8.458285417E-1,1.092469916E1,1.109066419E1,1.559061608E1
7.893945500E0,-8.214038448E-1,1.252982301E1,1.574313464E1,2.013746402E1
7.903899500E0,-2.470957321E0,1.458496962E1,8.983200783E0,1.730678668E1
7.913852500E0,-2.517549689E0,1.807669058E0,5.200108389E0,6.053664272E0
7.923806500E0,-1.843725913E0,-4.351413104E0,-2.439145544E0,5.318228298E0
7.933760500E0,8.372712877E-1,-1.093285018E1,-1.127753652E1,1.572930597E1
7.943714500E0,1.800637050E0,-6.633788365E0,-1.750496036E1,1.880619789E1
7.953667500E0,3.296128673E0,-5.100340272E0,-1.618694532E1,1.728858392E1
7.963621500E0,3.216971406E0,-6.583048566E0,-7.469267773E0,1.046304901E1
7.973575500E0,3.099435940E0,2.683445138E-1,8.032782072E0,8.614180155E0
7.983529500E0,1.559961853E0,9.516210743E0,1.229643022E1,1.562670612E1
7.993482500E0,1.779664696E0,6.467194759E0,8.241839327E0,1.062636956E1
8.003436500E0,3.508263318E0,6.208339691E-1,1.890058081E0,4.033071518E0
8.013390500E0,1.066064796E0,-3.599304466E0,2.239574227E0,4.371175986E0
8.023344500E0,4.054222521E-1,-2.788712561E-2,-3.460469931E-1,5.337540780E-1
8.033297500E0,1.250451479E0,3.639694108E0,-6.606656699E0,7.645842978E0
8.043251500E0,3.066212060E0,3.621342621E0,-4.011884587E0,6.213774756E0
8.053205500E0,3.559265656E0,2.236019704E0,4.588690776E0,6.222880295E0
8.063159500E0,1.058256863E-1,-2.413361662E0,1.075979481E1,1.102763338E1
8.073112500E0,5.667627195E-1,-5.812195508E0,1.123065004E1,1.265821223E1
8.083066500E0,2.489226362E0,-8.922815418E0,6.468396946E0,1.129836457E1
8.093020500E0,-5.978924185E-2,-5.926667619E0,-3.482576792E0,6.874394877E0
8.102974500E0,1.554593671E0,-4.266910313E0,-3.162291754E0,5.533839014E0
8.112927500E0,1.027016359E0,-5.807042942E0,-1.756480193E0,6.153188848E0
8.122881500E0,1.029231431E0,-2.115757681E0,-4.478395917E0,5.058831673E0
8.132835500E0,1.215918262E0,1.669601094E0,-2.170908619E0,2.996476141E0
8.142789500E0,1.613127808E0,6.975318384E0,2.021476007E0,7.439328809E0
8.152742500E0,3.684042315E0,1.253154443E1,3.159335986E0,1.343849610E1
8.162696500E0,8.956091045E-1,1.271407462E1,2.222169989E-1,1.274751699E1
8.172650500E0,9.700203323E-1,1.033814040E0,-1.166481516E0,1.835862206E0
8.182604500E0,2.437740458E0,-6.030376759E0,-6.612610334E0,9.275485854E0
8.192557500E0,5.588200079E-1,-7.875089098E0,-8.038592450E0,1.126713258E1
8.202511500E0,-1.111360252E0,-7.489468734E0,-3.539732448E0,8.358048177E0
8.212465500E0,-3.540047613E0,-5.027313226E-1,-7.204893519E0,8.043330560E0
8.222419500E0,-1.013326419E0,1.291579186E0,-5.620175285E0,5.855030099E0
8.232372500E0,-3.336914172E0,3.686456630E0,-1.368783483E-1,4.974303404E0
8.242326500E0,-1.087970513E0,4.905585306E0,5.936718982E0,7.777729702E0
8.252280500E0,6.767713577E-2,2.443632113E0,7.114073396E0,7.522363882E0
8.262234500E0,4.038670389E-1,-3.146059299E0,3.602730349E0,4.800048298E0
8.272187500E0,2.475664037E0,-7.196637835E0,-9.198608699E-1,7.665941075E0
8.282141500E0,-1.901454596E-1,-8.589276788E0,-1.105510259E0,8.662215881E0
8.292095500E0,3.683510803E0,-3.499445717E0,3.710033188E0,6.291161929E0
8.302049500E0,3.165337569E0,6.573913461E-1,6.483186309E0,7.244531042E0
8.312002500E0,1.661290446E0,1.955878433E0,-1.782563453E0,3.124560586E0
8.321956500E0,2.601304622E0,7.096356332E-2,-5.824340175E0,6.379244473E0
8.331910500E0,3.472194476E0,-7.930485034E-1,-1.901838466E0,4.037579715E0
8.341864500E0,1.789008254E0,3.186595121E0,5.893158395E0,6.934281136E0
8.351817500E0,1.927779200E0,5.967116318E0,2.074202397E0,6.604931898E0
8.361771500E0,1.537242935E0,1.351867488E0,6.199071854E-1,2.138912449E0
8.371725500E0,1.178579405E0,1.765081447E0,-4.656639515E0,5.117504617E0
8.381679500E0,-7.751579238E-1,2.125616671E0,-5.576434604E0,6.017951390E0
8.391632500E0,-9.843753199E-1,3.482346704E0,1.384861864E0,3.874735568E0
8.401586500E0,1.303353432E0,6.443187845E0,1.231513079E1,1.395979391E1
8.411540500E0,4.025253953E-1,7.812933195E0,1.023680698E1,1.288395005E1
8.421494500E0,9.471784037E-1,1.819940609E0,2.594211657E0,3.307455951E0
8.431447500E0,-2.807158772E0,-6.383200675E0,-8.003226151E0,1.061494324E1
8.441401500E0,2.626429523E0,-8.368515746E0,-1.219010445E1,1.501761747E1
8.451355500E0,3.032538823E0,-9.839226723E0,-9.763263790E0,1.418900962E1
8.461309500E0,3.528336371E-1,-4.470672330E0,-6.627450567E0,8.002156189E0
8.471262500E0,9.056271391E-1,-2.686107375E0,-2.204988239E0,3.591282010E0
8.481216500E0,-7.204309089E-1,1.836792870E0,-4.688841301E-1,2.027974622E0
8.491170500E0,-5.205746859E-2,2.107041237E0,1.566775467E0,2.626236493E0
8.501124500E0,-2.064381267E0,3.004065514E-2,5.723923602E0,6.084888977E0
8.511077500E0,-8.312638584E-1,6.168543541E-1,5.970807080E0,6.059871788E0
8.521031500E0,2.738415982E0,1.167921100E0,3.601896536E0,4.672966985E0
8.530985500E0,3.289102659E0,8.491338265E-1,9.330331850E-1,3.522751124E0
8.540939500E0,1.986894404E0,7.395265996E-2,-8.425960547E-1,2.159441242E0
8.550892500E0,2.177924255E0,-7.113634855E-1,-3.607016066E0,4.273167089E0
8.560846500E0,3.488513762E0,9.503824586E-1,-1.705687770E0,3.997790121E0
8.570800500E0,9.086612593E-1,2.231615582E0,3.394302547E0,4.162578908E0
8.580754500E0,1.178807008E0,9.176945935E0,8.527471134E0,1.258267406E1
8.590707500E0,6.826523410E-1,4.581823221E0,7.996110089E0,9.241044033E0
8.600661500E0,-4.713313361E-1,2.216167238E0,-1.541341833E0,2.740307483E0
8.610615500E0,9.320542149E-1,-4.725580527E0,-6.346722820E0,7.967479334E0
8.620569500E0,1.580374337E0,-1.017389913E1,-1.331715527E1,1.683307551E1
8.630522500E0,2.531284799E0,-1.076077130E1,-1.363475614E1,1.755301048E1
8.640476500E0,2.501035398E-1,-5.613203065E0,-5.973764017E0,8.201003412E0
8.650430500E0,8.744256654E-1,6.107605029E0,6.945633239E0,9.290278819E0
8.660384500E0,6.942140405E-1,1.292091285E1,1.376025376E1,1.888852842E1
8.670337500E0,6.848041163E-1,6.490611103E0,7.262108524E0,9.763975081E0
8.680291500E0,1.007018882E0,-3.817785679E0,-3.042066568E0,4.984349859E0
8.690245500E0,1.509016379E0,-1.034529622E1,-4.802787162E0,1.150517487E1
8.700199500E0,2.006596158E0,-7.089049067E0,-6.962113032E0,1.013666921E1
8.710153500E0,7.588458002E-1,-2.833573569E0,-7.848653251E0,8.378922602E0
8.720106500E0,2.041289881E0,-2.277734910E0,-1.146315054E0,3.266340292E0
8.730060500E0,3.247057962E0,2.571323608E0,7.511341413E0,8.577606912E0
8.740014500E0,2.411739937E0,1.211284753E1,1.843916182E1,2.219324792E1
8.749968500E0,1.592273567E0,1.584931072E1,1.670749136E1,2.308411256E1
8.759921500E0,3.278880264E-1,3.588501735E0,7.529798734E0,8.347617878E0
8.769875500E0,3.641751743E0,6.087623924E0,-2.196239927E0,7.425967318E0
8.779829500E0,2.858954578E0,-7.159184664E0,2.896287003E0,8.235048558E0
8.789783500E0,5.249041106E-1,-7.897804946E0,-2.013960288E0,8.167428195E0
8.799736917E0,1.884850550E0,-1.049856578E1,-2.552957504E0,1.096768604E1
8.809690917E0,1.864708208E0,-4.891891127E0,-7.300897783E0,8.983921412E0
8.819644917E0,6.071615709E-1,-3.690920979E0,-7.503768100E0,8.384394942E0
8.829598917E0,1.241411245E0,-3.536614712E0,-7.836160675E0,8.686435381E0
8.839551917E0,8.215571880E-2,3.919377542E0,-3.559812371E0,5.295331340E0
8.849505917E0,-3.978894304E-1,8.033374979E0,7.119061071E0,1.074125040E1
8.859459917E0,7.393324721E-1,1.160853337E1,9.621129087E0,1.509538951E1
8.869413917E0,5.182765840E-1,9.892584904E0,7.562965311E0,1.246315734E1
8.879366917E0,-2.977168322E-1,-2.322040433E-1,5.805079447E0,5.817344877E0
8.889320917E0,6.537749894E-1,-6.334957638E0,-1.186459113E0,6.478178389E0
8.899274917E0,-1.061862402E0,-1.070630332E1,-8.667563989E0,1.381590200E1
8.909228917E0,2.332944174E0,-6.843577691E0,-1.367431724E1,1.546816524E1
8.919181917E0,1.263608592E0,2.754358415E0,-2.982009231E0,4.251538076E0
8.929135917E0,2.020329660E0,1.233302444E1,4.340539037E0,1.322972044E1
8.939089917E0,1.529243652E0,1.633255854E1,7.195697603E0,1.791281995E1
8.949043917E0,5.220087740E0,8.099687667E0,1.103986943E1,1.465376993E1
8.958996917E0,1.456043675E0,-4.986238291E0,4.425817169E0,6.824257695E0
8.968950917E0,1.730211138E0,-1.097617337E1,-9.838159606E-1,1.115517397E1
8.978904917E0,3.269417422E0,-1.459759493E1,-6.624922816E0,1.636057671E1
8.988858917E0,3.697568386E0,-1.116154648E1,-1.524756440E1,1.925461898E1
8.998811917E0,3.804877365E0,-3.697848176E0,-1.319796329E1,1.422453542E1
9.008765917E0,-1.282416307E0,4.012092163E0,-7.165270447E0,8.311592849E0
9.018719917E0,3.511350063E0,9.239549149E0,9.835980349E0,1.394436650E1
9.028673917E0,7.022828765E0,1.768893832E1,2.229903517E1,2.931664429E1
9.038626917E0,-1.506801454E0,9.174854971E0,1.159995199E1,1.486631429E1
9.048580917E0,2.458182324E0,-3.779829063E0,-2.430665912E0,5.122294882E0
9.058534917E0,4.910597540E0,-1.483711559E1,-7.671514192E0,1.740994248E1
9.068488917E0,-6.793841860E-1,-1.194276840E1,-2.214079489E0,1.216525495E1
9.078442917E0,1.124160246E0,-1.072022671E-1,-2.931213300E0,3.141216324E0
9.088395917E0,3.427863518E0,1.137738826E1,1.747077870E-1,1.188384343E1
9.098349917E0,2.436642936E-1,1.122313871E1,2.545731515E0,1.151081942E1
9.108303917E0,1.473318396E0,8.424527979E0,2.277734033E0,8.850503437E0
9.118257917E0,5.535613145E-1,-3.192494377E0,5.076014686E-1,3.279650854E0
9.128210917E0,-4.601271938E-1,-7.865233616E0,-5.718188653E0,9.735055127E0
9.138164917E0,1.050253779E0,-1.101475914E1,-5.017723793E0,1.214930056E1
9.148118917E0,3.144523820E0,-2.121790254E0,3.841495846E0,5.398806744E0
9.158072917E0,1.697839929E0,1.184804935E1,1.473625697E1,1.898463071E1
9.168025917E0,1.150528703E0,1.532886175E1,1.101155604E1,1.890904771E1
9.177979917E0,-1.155842068E0,2.748543944E0,2.639339005E0,3.982031527E0
9.187933917E0,-2.278578079E-1,-5.093290869E0,-1.269512145E1,1.368063009E1
9.197887917E0,3.189962533E0,-9.634541430E0,-1.482979488E1,1.797006026E1
9.207840917E0,8.117305036E-1,-1.175716140E1,-1.022862673E1,1.560495291E1
9.217794917E0,1.716667379E0,-8.316698306E0,-4.393476804E0,9.561226701E0
9.227748917E0,1.692981770E0,8.956706464E-2,9.815872943E0,9.961203299E0
9.237702917E0,6.639871515E-1,1.799652057E1,2.317783660E1,2.935179281E1
9.247655917E0,2.747659260E-1,2.015677440E1,1.582805726E1,2.563003018E1
9.257609917E0,1.015408905E0,4.080149075E0,1.565480309E0,4.486580025E0
9.267563917E0,-3.835440177E-1,-1.157563810E1,-9.083243719E0,1.471896124E1
9.277517917E0,-1.423525408E0,-1.811850753E1,-1.492467297E1,2.351707045E1
9.287470917E0,7.528974277E-1,-8.403552847E0,-1.294977705E1,1.545584940E1
9.297424917E0,2.425783633E0,-2.613624705E0,-7.097742122E-1,3.635827246E0
9.307378917E0,-1.831355251E-1,4.962713773E0,8.478598351E0,9.825919632E0
9.317332917E0,-1.005684693E0,6.492372869E0,7.810845155E0,1.020644939E1
9.327285917E0,-5.992901954E-1,1.425673383E0,-6.239306545E-1,1.667627895E0
9.337239917E0,-1.292556256E-1,-7.100990251E0,-3.755052656E0,8.033753171E0
9.347193917E0,7.750294313E-2,-1.017487678E1,-7.111245682E0,1.241386078E1
9.357147917E0,9.345148695E-1,-3.795490245E0,-3.545832848E0,5.277498918E0
9.367101917E0,7.015560968E-1,5.751851658E0,1.488252741E1,1.597077332E1
9.377054917E0,-3.596622348E-2,1.480369524E1,2.073847880E1,2.548009398E1
9.387008917E0,-4.110910692E0,8.397967002E0,1.013684883E1,1.379061785E1
9.396962917E0,9.358044729E-2,-3.986456215E-2,-4.378381632E0,4.379563015E0
9.406916917E0,4.230033970E0,-6.050165491E0,-7.045815339E0,1.020495976E1
9.416869917E0,2.817812984E0,-7.507737190E0,-1.639961557E0,8.185087759E0
9.426823917E0,1.310941218E0,-4.889779113E0,-2.986836693E0,5.877899291E0
9.436777917E0,4.229945970E-1,-5.202322145E0,-5.477608473E0,7.566192881E0
9.446731917E0,-1.403882857E0,-6.381241858E0,-6.821568772E0,9.445895152E0
9.456684917E0,5.314768195E-2,-5.229959010E0,-3.821261848E0,6.477448420E0
9.466638917E0,2.725613795E-1,1.486745211E0,6.005356523E-1,1.626451382E0
9.476592917E0,-1.316969697E0,7.413774188E0,2.279987842E0,7.867452031E0
9.486546917E0,9.062224587E-1,5.847494565E0,9.011322382E-1,5.985521793E0
9.496499917E0,2.156949415E-1,7.202173394E-1,-2.070147060E0,2.202440958E0
9.506453917E0,4.943332592E-1,-3.863836010E0,-1.803945551E0,4.292762937E0
9.516407917E0,1.780007342E0,-6.769905113E0,-7.862745041E-1,7.044023635E0
9.526361917E0,2.905646349E0,-1.955910008E0,3.604441245E0,5.025968698E0
9.536314917E0,3.611844697E0,6.241002823E0,9.179680678E0,1.167313478E1
9.546268917E0,2.088604673E0,9.017989377E0,9.530202545E0,1.328575035E1
9.556222917E0,5.512279100E-1,4.021896774E0,6.780485065E0,7.902814915E0
9.566176917E0,3.245642497E-1,-5.610204028E0,-8.233376652E-1,5.679578867E0
9.576130917E0,1.496827858E0,-4.471524854E0,-1.262660846E1,1.347836300E1
9.586083917E0,5.122550921E0,-8.778105601E0,-3.851735197E0,1.086883296E1
9.596037917E0,1.180199084E-1,-3.931583605E0,2.446890181E0,4.632337412E0
9.605991917E0,-7.879283890E-2,2.707466084E0,5.002758429E0,5.688951820E0
9.615945917E0,-4.839678269E-1,1.506853084E1,1.141394739E1,1.890960184E1
9.625898917E0,-4.081659850E-1,1.895304553E1,1.353384139E1,2.329268978E1
9.635852917E0,-8.981721584E-1,5.258409807E0,7.899926316E0,9.532388091E0
9.645806917E0,-9.167141178E-1,-1.589348059E0,-1.184173904E1,1.198303699E1
9.655760917E0,3.176722097E0,-1.113423881E1,-1.268311127E1,1.717335578E1
9.665713917E0,2.508130264E-1,-1.565406517E1,-8.884060657E0,1.800108878E1
9.675667917E0,1.796508477E0,-1.261368377E1,-8.195131184E0,1.514901436E1
9.685621917E0,-3.803702221E-1,-3.013497072E0,-3.567892638E0,4.685691410E0
9.695575917E0,-1.727186958E0,6.231305800E0,7.987514098E0,1.027680535E1
9.705528917E0,-7.889960175E-1,1.104457176E1,1.384542197E1,1.772853038E1
9.715482917E0,5.369847505E-1,7.557791694E0,4.982232363E0,9.068142436E0
9.725436917E0,8.190007123E-1,-3.928046624E0,-4.439440597E0,5.984057592E0
9.735390917E0,1.408503326E0,-9.699229762E0,-5.580996602E0,1.127858425E1
9.745343917E0,3.740668505E-1,-6.434328729E0,-1.017058843E1,1.204082145E1
9.755297917E0,1.823487530E0,-4.129245222E-1,-1.041243161E1,1.057895768E1
9.765251917E0,1.257224455E0,6.668843007E-1,-7.499858651E0,7.633690313E0
9.775205917E0,-2.824343447E0,2.538171065E0,5.707697579E0,6.855438710E0
9.785159917E0,1.874281123E-2,1.109520163E1,2.051432228E1,2.332254851E1
9.795112917E0,-2.107583274E0,1.132698760E1,2.946613579E1,3.163851630E1
9.805067000E0,-3.064065255E0,4.568683358E0,6.435718612E0,8.466394603E0
9.815021000E0,2.602954998E0,-7.046857898E0,-5.996539507E0,9.612079224E0
9.824975000E0,4.479541679E-1,-4.464297110E0,-1.124680707E1,1.210872746E1
9.834928000E0,-1.511641925E0,-4.383532444E0,-1.106034170E1,1.199298030E1
9.844882000E0,2.409301940E0,4.289119792E-1,-1.232609666E1,1.256667657E1
9.854836000E0,-9.924713016E-2,-3.509381890E-2,-9.498176175E0,9.498759510E0
9.864790000E0,6.076922058E-1,-4.805371047E0,-4.556194875E0,6.649796422E0
9.874743000E0,-3.160858309E0,-5.919355091E0,-4.411111422E0,8.030423022E0
9.884697000E0,-1.776853500E0,-5.414082568E0,-1.804499867E0,5.977099480E0
9.894651000E0,-8.869192649E-1,-3.129151490E0,5.205620559E0,6.138134915E0
9.904605000E0,4.696688630E-1,7.769774312E-1,5.103994782E0,5.184114727E0
9.914559000E0,7.802526028E-1,3.270517284E0,3.632074601E0,4.949448791E0
9.924512000E0,-1.589775052E0,8.372356782E0,-2.029209534E0,8.760218840E0
9.934466000E0,-3.480743690E-1,7.427364287E0,-1.261178927E0,7.541715210E0
9.944420000E0,5.548603100E-1,4.256679440E0,-2.728047699E-1,4.301350051E0
9.954374000E0,7.068792558E-1,1.355361199E0,-3.690815145E0,3.994846517E0
9.964327000E0,1.346493020E0,-6.298189761E0,-2.437058088E0,6.886181078E0
9.974281000E0,1.187223417E0,-9.587390068E0,-5.154262125E-1,9.674358477E0
9.984235000E0,1.159647875E0,-4.412388453E0,4.542520577E-1,4.584790070E0
9.994189000E0,-8.341407616E-2,2.193049101E0,2.941564626E-1,2.214260665E0
1.000414200E1,-1.379797591E0,6.226285965E0,1.021092253E0,6.458568549E0
1.001409600E1,-7.200393648E-1,4.858335711E0,8.025951355E0,9.409451510E0
1.002405000E1,-6.463243941E-1,9.069017444E0,1.188505054E1,1.496393126E1
1.003400400E1,3.739551687E-1,6.931149101E0,9.563839238E0,1.181726243E1
1.004395700E1,2.595704451E0,-4.674849499E0,8.567994677E0,1.009962535E1
1.005391100E1,-5.793013060E-1,4.073151712E0,-9.624585961E0,1.046703443E1
1.006386500E1,-6.000380908E-1,-4.625335861E0,2.063537952E0,5.100192783E0
1.007381900E1,-4.091289483E-1,7.903979605E-1,-1.938879992E0,2.133394257E0
1.008377300E1,-1.611174984E0,-1.366330576E-1,-5.460471454E0,5.694848718E0
1.009372600E1,-2.013409626E0,-3.602862496E0,-9.223104440E0,1.010445902E1
1.010368000E1,-4.407123913E0,-5.841684186E0,-8.649227706E0,1.132948168E1
1.011363400E1,-3.097798719E0,-1.040110322E1,-6.359283224E0,1.257854475E1
1.012358800E1,-1.696276384E0,-7.474016882E0,-5.685764673E0,9.542861302E0
1.013354100E1,-1.015469936E0,-3.660434766E0,4.985863484E0,6.268077580E0
1.014349500E1,-8.999365557E-2,5.568726220E0,1.306677984E1,1.420420874E1
1.015344900E1,3.210863990E-1,7.858606381E0,6.685002372E0,1.032230824E1
1.016340300E1,-2.718613582E-2,2.347436060E0,-6.674416573E0,7.075240754E0
1.017335600E1,3.493677731E-1,-9.002788371E-1,-1.063137943E1,1.067514817E1
1.018331000E1,1.420909656E0,-2.635617837E0,-7.689163427E0,8.251587717E0
1.019326400E1,4.091567810E0,-2.153068179E0,2.740514840E0,5.374667554E0
1.020321800E1,1.048471401E0,7.443250002E0,1.787163808E1,1.938805587E1
1.021317200E1,-1.590026920E0,1.095575021E1,1.894438581E1,2.194188693E1
1.022312500E1,-9.472964443E-3,2.415757851E0,4.834514154E0,5.404489138E0
1.023307900E1,2.238517781E0,-6.897751560E0,-4.767769357E0,8.678799633E0
1.024303300E1,3.799965996E0,-1.037602919E1,-9.195828933E0,1.437584756E1
1.025298700E1,3.031850898E0,-1.203982166E1,-1.307158274E1,1.802819183E1
1.026294000E1,-1.601145547E0,-2.074656433E0,-1.566039771E1,1.587815867E1
1.027289400E1,2.381411416E-1,-6.843563658E-1,7.649766058E0,7.684007781E0
1.028284800E1,-1.481732540E0,1.049681161E1,1.616950542E1,1.933472241E1
1.029280200E1,-2.816654651E0,9.777880075E0,1.098262986E1,1.497192843E1
1.030275500E1,-1.812915180E0,4.857933422E0,-4.050855402E0,6.579939823E0
1.031270900E1,-2.052380734E0,-1.080291218E0,-2.020284636E0,3.075848794E0
1.032266300E1,1.896854738E0,-3.004497623E0,5.824337837E0,6.822607646E0
1.033261700E1,-2.222666710E0,1.828033156E0,5.392783501E0,6.112615349E0
1.034257000E1,-5.453795980E-1,-5.282696217E-1,-1.347047336E0,1.546300173E0
1.035252400E1,1.734359738E0,-5.510202608E0,-5.792768719E0,8.180862174E0
1.036247800E1,4.580444521E-1,-7.931810013E0,-8.249947076E0,1.145360387E1
1.037243200E1,2.379941316E0,-8.789076732E0,-7.997653754E0,1.211917720E1
1.038238600E1,1.561852697E0,-6.042279936E0,-8.231079281E0,1.032953033E1
1.039233900E1,-1.381365668E0,6.574433863E-2,-7.514929265E0,7.641116102E0
1.040229300E1,4.341950847E-1,6.897463292E-1,1.461586104E0,1.673472232E0
1.041224700E1,5.284133901E-1,6.260751793E0,1.496580462E1,1.623119040E1
1.042220100E1,-1.862908435E0,1.793020145E1,2.241136720E1,2.876163993E1
1.043215400E1,-1.057310053E0,1.159101979E1,2.120827217E1,2.419215684E1
1.044210800E1,-2.300011925E0,8.857093298E-1,2.789739040E0,3.722523308E0
1.045206200E1,-8.061062130E-1,-4.052518058E0,-9.226380050E-2,4.132943557E0
1.046201600E1,8.997469597E-1,-1.030363130E1,-1.316002421E0,1.042622774E1
1.047196900E1,-1.470139411E0,-6.855144653E0,-8.189983295E0,1.078100851E1
1.048192300E1,7.982979143E-1,-5.849781411E0,-6.844993887E0,9.039422737E0
1.049187700E1,3.825260905E-1,-1.547480825E0,-7.194288424E0,7.368772560E0
1.050183100E1,7.894617300E-2,-2.062642159E0,-1.217975605E0,2.396703934E0
1.051178500E1,2.236246613E-1,1.168942024E0,3.003217960E0,3.230441388E0
1.052173800E1,-2.392097020E-1,5.879501054E0,3.585571110E0,6.890723772E0
1.053169200E1,2.588258314E-1,5.557293743E0,3.119789513E0,6.378369005E0
1.054164600E1,-2.470937404E-2,3.520578139E0,-2.280090169E0,4.194507380E0
1.055160000E1,-3.180266241E-1,-1.332892104E0,-6.031553804E0,6.185255337E0
1.056155300E1,-1.832787454E-1,-3.271285608E0,-9.251958110E0,9.814969664E0
1.057150700E1,9.764064420E-1,-8.297380859E0,-5.368262617E0,9.930666754E0
1.058146100E1,2.263331318E0,-9.834333773E0,-2.786119321E0,1.046896606E1
1.059141500E1,7.451881662E-1,-6.990448639E0,-1.369951172E0,7.162293193E0
1.060136800E1,1.696617715E0,1.324617124E0,9.474990796E0,9.716407401E0
1.061132200E1,1.347618609E0,1.374809273E1,1.784245346E1,2.256500111E1
1.062127600E1,1.797309984E0,1.443436990E1,1.366492895E1,1.995774638E1
1.063123000E1,-2.780582592E0,2.137004709E0,-1.096535076E0,3.674345908E0
1.064118400E1,-7.160089521E-1,-1.320190197E0,-1.378442732E1,1.386600186E1
1.065113700E1,2.497945145E-1,-1.442955647E1,-6.239486639E0,1.572277618E1
1.066109100E1,-1.266298311E0,-1.134622260E1,-7.070119876E0,1.342858420E1
1.067104500E1,1.134573114E0,-1.066628263E1,-5.079769768E0,1.186848357E1
1.068099900E1,-9.294746426E-1,-2.173040514E0,-3.640692227E0,4.340583841E0
1.069095200E1,-1.251401506E0,3.778610503E0,8.368061417E0,9.266517952E0
1.070090600E1,-1.761689624E0,1.383211020E1,1.649390310E1,2.159814025E1
1.071086000E1,-2.291971272E0,1.586900180E1,1.288914142E1,2.057202754E1
1.072081400E1,-9.116161497E-1,4.435607747E0,3.892977656E0,5.971677747E0
1.073076800E1,2.890399296E-2,-3.293486901E0,-4.742246261E0,5.773802127E0
1.074072100E1,-1.524990570E-1,-9.267802311E0,-7.424092770E0,1.187571341E1
1.075067500E1,1.269964515E0,-7.673165445E0,-8.881207216E0,1.180534283E1
1.076062900E1,-3.316832713E-1,-6.013726813E0,-4.886090689E0,7.755566143E0
1.077058300E1,3.793699097E-2,-7.562854214E0,3.195941895E0,8.210496189E0
1.078053600E1,1.134089330E0,-5.259078729E0,5.854674361E0,7.951181016E0
1.079049000E1,9.643688522E-1,-1.579724711E-1,9.821888559E0,9.870382842E0
1.080044400E1,2.243838163E0,4.073300232E0,1.284829628E1,1.366401485E1
1.081039804E1,2.208352288E0,4.349258405E-1,8.627048047E0,8.915825162E0
1.082035104E1,1.363799462E0,1.694631854E0,4.331494271E0,4.847016476E0
1.083030504E1,4.372182122E0,-4.285474053E0,1.047025824E0,6.211081020E0
1.084025904E1,9.496948991E-1,8.098341054E-1,-3.238810757E-1,1.289438107E0
1.085021304E1,2.604491939E0,-3.713388906E0,3.885211092E0,5.972227445E0
1.086016704E1,1.231646395E0,-3.500020498E-1,-1.083804810E-1,1.284990508E0
1.087012004E1,1.143745933E0,-9.964099860E-1,5.078688617E0,5.300383542E0
1.088007404E1,7.951609562E-1,2.049632104E0,5.511734578E0,5.934011355E0
1.089002804E1,7.433772835E-1,1.143532364E0,7.376680037E0,7.501712099E0
1.089998204E1,9.101906716E-1,-1.692296476E0,5.683123485E0,5.999183859E0
1.090993504E1,6.030761214E-1,-3.617224427E0,1.854667515E0,4.109477456E0
1.091988904E1,1.353990320E0,-5.143195685E0,3.681766579E-1,5.331163634E0
1.092984304E1,-1.354093231E0,-4.050131224E0,-2.030387163E-1,4.275319419E0
1.093979704E1,-2.300604357E-1,9.289910048E-1,1.550853792E0,1.822388426E0
1.094975004E1,-5.785068521E-1,4.344229215E0,5.019749268E0,6.663698700E0
1.095970404E1,-1.306936167E0,3.547126837E0,3.115692369E0,4.898747787E0
1.096965804E1,-1.222554414E0,-7.339483559E-2,8.690734166E-1,1.501770522E0
1.097961204E1,-1.760036762E0,-4.270054945E0,-1.079553884E-1,4.619821750E0
1.098956604E1,-1.371696566E0,-2.719061113E0,7.928260168E-1,3.146969637E0
1.099951904E1,7.707174021E-1,-2.747419524E-1,9.424191356E-1,1.248055400E0
1.100947304E1,-5.411639748E-1,1.915135034E0,8.559458327E-1,2.166389604E0
1.101942704E1,1.036914014E0,7.302447295E-1,3.395997362E0,3.625085671E0
1.102938104E1,1.008835319E0,-5.954161227E-1,4.463496627E0,4.614658297E0
1.103933404E1,1.656412991E0,-1.825834603E0,2.000447665E0,3.174770362E0
1.104928804E1,2.167245631E0,-3.960108662E0,2.945061260E-1,4.523952707E0
1.105924204E1,2.065690751E0,-4.948392772E0,-1.560931468E0,5.584816591E0
1.106919604E1,1.515084035E0,-4.281279261E0,-1.055169826E0,4.662425881E0
1.107915004E1,2.654370150E0,-1.379353495E0,-1.094129531E0,3.185187026E0
1.108910304E1,3.146917085E0,9.245155460E-1,-7.941208827E-1,3.374676890E0
1.109905704E1,1.087379432E0,1.140715760E-1,-2.758546776E-1,1.127609045E0
1.110901104E1,3.499785148E-1,-3.549049401E0,-6.444900495E-1,3.624031462E0
1.111896504E1,7.796185819E-2,-5.255369840E0,-8.445461011E-1,5.323368137E0
1.112891804E1,2.285649738E-1,-8.380814195E-1,1.592352943E0,1.813893687E0
1.113887204E1,2.379365950E0,5.075110706E0,8.482449912E0,1.016710812E1
1.114882604E1,2.430587998E0,5.396423977E0,1.151810267E1,1.294974281E1
1.115878004E1,1.154876035E0,4.423834378E0,8.189841793E0,9.379635273E0
1.116873404E1,9.712968526E-1,-5.755104464E-1,4.679295137E0,4.813567578E0
1.117868704E1,1.463625175E0,-3.388984212E0,1.551676202E0,4.004386554E0
1.118864104E1,9.125424948E-1,-6.324315121E0,2.149051727E0,6.741522000E0
1.119859504E1,8.893177197E-1,-7.687230338E0,-3.360760286E-1,7.745795206E0
1.120854904E1,1.179536960E0,-7.687592281E0,-1.759228969E0,7.974037188E0
1.121850204E1,-2.288786221E-1,-4.045499645E0,-1.349074273E0,4.270650325E0
1.122845604E1,-3.655299522E-1,1.215620347E0,1.883848045E0,2.271613618E0
1.123841004E1,-5.022424223E-1,3.857456698E0,5.042345248E0,6.368474325E0
1.124836404E1,-6.816257344E-2,2.882500146E0,4.163772445E0,5.064627746E0
1.125831804E1,7.388070998E-1,-6.264309239E-1,1.983514713E0,2.207392636E0
1.126827104E1,-6.996246153E-1,-1.162035878E0,-2.652315146E0,2.979022930E0
1.127822504E1,-1.960624764E-1,-1.616982585E0,6.799291465E-1,1.765043007E0
1.128817904E1,-2.307165555E0,-9.933407825E-1,-6.644816798E-1,2.598321518E0
1.129813304E1,-1.632418795E0,1.012199222E0,8.846854824E-1,2.114711988E0
1.130808604E1,-7.790675184E-1,1.919377774E-1,-1.805631888E-1,8.224289476E-1
1.131804004E1,-1.416739568E0,5.120909607E-1,-4.329336941E-2,1.507070825E0
1.132799404E1,-8.730335896E-1,-7.067821920E-2,-2.181476292E-1,9.026469118E-1
1.133794804E1,-4.075498346E-1,-9.081398338E-1,-6.876597503E-1,1.209830880E0
1.134790104E1,7.999287759E-1,-1.520498264E-1,-1.385901207E0,1.607397695E0
1.135785504E1,1.321726462E-1,8.607539982E-1,2.304358453E-1,9.008150379E-1
1.136780904E1,6.093908950E-1,4.529071981E-1,1.508065329E0,1.688414413E0
1.137776304E1,2.792203897E-1,-9.873093796E-1,1.378467057E0,1.718404860E0
1.138771704E1,2.232812287E-1,-2.152494568E-1,-7.620822340E-2,3.193658232E-1
1.139767004E1,7.552525400E-1,2.639309185E0,2.499641714E0,3.712757475E0
1.140762404E1,1.611343968E0,3.568233531E0,5.710951554E0,6.924138038E0
1.141757804E1,7.209564275E-1,2.644268793E-1,5.409862048E0,5.464092525E0
1.142753204E1,6.469194945E-1,-3.026917017E0,9.647057980E-1,3.242127193E0
1.143748504E1,1.699878999E0,-2.323859501E0,1.003083998E-1,2.880967437E0
1.144743904E1,1.495116524E0,-2.979267472E-1,3.178099117E0,3.524833012E0
1.145739304E1,7.806420274E-2,-2.127036960E0,4.864501015E0,5.309778750E0
1.146734704E1,2.956317516E-2,-3.523581854E0,1.104632007E0,3.692792295E0
1.147730104E1,-3.665495970E-1,-3.269307495E0,-1.913343447E-1,3.295351109E0
1.148725404E1,-8.572035505E-2,-2.680235016E-1,1.417605395E0,1.445264554E0
1.149720804E1,4.638087104E-1,-8.606984496E-2,4.532974412E0,4.557453627E0
1.150716204E1,-3.471729476E-1,-2.190585669E0,3.357399599E0,4.023844766E0
1.151711604E1,-6.719295707E-1,-2.919325910E0,4.727783757E-1,3.032733505E0
1.152706904E1,3.297244176E-1,-2.348410791E0,5.808974862E-1,2.441555513E0
1.153702304E1,7.860407616E-1,-1.057930296E0,2.790826330E0,3.086387564E0
1.154697704E1,-1.497282917E0,-1.443223216E0,2.110149032E0,2.962680935E0
1.155693104E1,-2.844453483E0,-2.475276074E0,1.535884042E0,4.071467433E0
1.156688504E1,-3.180074014E0,-5.266142750E-1,2.517606992E0,4.090053581E0
1.157683804E1,-2.271251664E0,2.394043046E-1,5.013963448E0,5.509603253E0
1.158679204E1,-4.034537577E0,-2.682419536E0,4.542174129E0,6.641100349E0
1.159674604E1,-6.177412598E0,-3.040129970E0,2.210166240E0,7.231020084E0
1.160670004E1,-1.955876094E0,-2.561854627E0,4.506519270E0,5.540511380E0
1.161665304E1,-7.787577622E-1,-2.527891660E-1,4.888693285E0,4.956782026E0
1.162660704E1,-1.610437942E0,-9.623821145E-1,4.552476046E0,4.923893566E0
1.163656104E1,-1.373440059E0,-1.359272402E0,3.059698847E0,3.618800367E0
1.164651504E1,-9.415299933E-2,-1.416810173E0,3.170188126E0,3.473659254E0
1.165646904E1,5.134441526E-1,-2.029625271E0,3.454829707E0,4.039659880E0
1.166642204E1,1.128298905E0,-2.929574910E0,2.412281389E0,3.959112157E0
1.167637604E1,1.093050574E0,-3.603830211E0,1.071060804E0,3.915293474E0
1.168633004E1,2.165048978E0,-1.874889234E0,1.321320464E0,3.154129751E0
1.169628404E1,2.957121727E0,3.038400364E-1,3.487659777E0,4.582647531E0
1.170623804E1,2.489201803E0,-3.452874398E-1,4.282786965E0,4.965643284E0
1.171619104E1,1.824439311E0,-2.670353222E0,1.701121971E0,3.654200472E0
1.172614504E1,1.935093628E0,-1.853621156E0,-9.081983060E-2,2.681183877E0
1.173609904E1,2.019940966E0,7.836719084E-1,2.923324236E0,3.638698635E0
1.174605304E1,2.111867821E0,1.508412654E0,4.845892836E0,5.497087575E0
1.175600604E1,1.520006805E0,-1.977479802E0,2.762577261E0,3.721918884E0
1.176596004E1,2.158809561E-1,-3.797422165E0,-1.527565793E0,4.098838487E0
1.177591404E1,9.948104071E-1,-2.171039012E0,-4.468962604E-1,2.429562596E0
1.178586804E1,2.463282266E0,5.754221535E-1,3.826415584E0,4.586973555E0
1.179582204E1,1.841622816E0,1.763814356E0,3.846682618E0,4.615147110E0
1.180577425E1,1.154008601E0,-2.406398213E-1,1.614768829E0,1.999280307E0
1.181572825E1,1.662288127E0,-1.800702100E0,-1.314913085E-1,2.454184149E0
1.182568225E1,2.102136154E0,-7.564472723E-1,6.233985579E-1,2.319442745E0
1.183563625E1,2.331722983E0,2.366227841E-1,1.686351612E0,2.887335133E0
1.184558925E1,1.809979293E0,-1.566866684E-1,1.029492655E0,2.088164476E0
1.185554325E1,7.539460527E-1,-9.800646794E-1,-6.313718212E-1,1.388377399E0
1.186549725E1,1.036217245E0,-1.138026041E0,-7.024523288E-1,1.691829993E0
1.187545125E1,1.173935035E0,1.498571205E-1,-3.536208916E-1,1.235163292E0
1.188540525E1,5.722387100E-1,9.778678805E-1,4.001805156E-1,1.201593599E0
1.189535825E1,7.701559232E-1,1.082623672E0,2.170591700E-1,1.346227635E0
1.190531225E1,6.567525378E-1,2.277344316E-1,-4.725246066E-1,8.405155389E-1
1.191526625E1,8.585605614E-1,1.489502174E-1,-1.360271106E0,1.615441081E0
1.192522025E1,1.108702108E0,4.115562737E-2,-1.124209070E0,1.579480986E0
1.193517325E1,7.026498185E-1,7.841116190E-2,-7.026499647E-1,9.967858600E-1
1.194512725E1,-4.040173855E-1,1.726080519E-1,-8.694529009E-1,9.741519051E-1
1.195508125E1,6.030915434E-1,2.377004260E-1,-7.912001985E-1,1.022848306E0
1.196503525E1,1.922397276E0,5.333865201E-1,-8.220889923E-1,2.157763374E0
1.197498925E1,2.080816475E-1,2.455134755E-1,-2.864878392E-1,4.308713505E-1
1.198494225E1,5.890609302E-2,8.276032090E-2,-2.142858356E-1,2.371447192E-1
1.199489625E1,7.324712031E-2,1.378159493E-1,-2.651753229E-1,3.076951875E-1
1.200485025E1,1.629507174E-1,-9.193752587E-2,1.519115397E-1,2.410032383E-1
1.201480425E1,1.110211567E-1,-2.101723194E-2,2.938553309E-1,3.148307113E-1
1.202475825E1,-2.583928451E-1,7.424852908E-2,1.058641317E-1,2.889410335E-1
1.203471125E1,-2.425099801E-1,1.305408436E-1,2.088783306E-1,3.456619147E-1
1.204466525E1,-8.975585662E-2,1.432398266E-1,3.628530604E-1,4.002950226E-1
1.205461925E1,-1.382596799E-1,-2.840869725E-2,3.196395054E-1,3.494169524E-1
1.206457325E1,-1.300974054E-1,-1.160350710E-1,-4.119363427E-4,1.743262524E-1
1.207452625E1,-7.522896096E-2,-2.490475327E-1,-1.585262024E-1,3.046549310E-1
1.208448025E1,5.505102374E-2,-2.452105898E-1,-3.253361553E-2,2.534112955E-1
1.209443425E1,3.121622322E-1,-1.185084432E-1,1.195814073E-2,3.341145125E-1
1.210438825E1,4.813224003E-1,-1.054545343E-2,-5.913873911E-2,4.850565432E-1
1.211434225E1,3.337060060E-1,4.172222257E-2,4.529077828E-2,3.393400903E-1
1.212429525E1,3.130406302E-1,-6.613200903E-4,5.695772767E-3,3.130931416E-1
1.213424925E1,3.168588620E-1,1.319254643E-1,-6.645360589E-2,3.495996972E-1
1.214420325E1,2.219125052E-1,9.267719865E-2,1.502734423E-2,2.409565193E-1
1.215415725E1,2.189771298E-1,8.913203180E-2,1.964787251E-1,3.074075339E-1
1.216411025E1,1.602784668E-1,5.701561511E-2,1.548336858E-1,2.300292102E-1
1.217406425E1,6.488187432E-2,-8.773220837E-2,3.288824916E-2,1.139659376E-1
1.218401825E1,2.205619445E-1,-6.888370872E-2,-1.116555065E-2,2.313378616E-1
1.219397225E1,4.333888268E-1,-1.091236621E-1,8.330762029E-2,4.546141313E-1
1.220392625E1,4.220512218E-1,-9.173345804E-2,3.660941720E-2,4.334541620E-1
1.221387925E1,4.133807512E-1,-6.797388196E-2,-8.169261932E-2,4.268228885E-1
1.222383325E1,4.168358709E-1,-1.087424237E-1,-6.636297405E-2,4.358682167E-1
1.223378725E1,3.198780718E-1,-6.434509993E-2,-3.934562176E-2,3.286492822E-1
1.224374125E1,2.362519245E-1,-3.900034368E-2,-1.740716100E-2,2.400812527E-1
1.225369525E1,2.428223676E-1,-4.287704766E-2,2.736789286E-2,2.480930168E-1
1.226364825E1,1.228548248E-1,-7.668330967E-2,-5.496382713E-5,1.448227917E-1
1.227360225E1,8.845726311E-2,-6.790839314E-2,-5.254512638E-2,1.232770358E-1
1.228355625E1,1.202133451E-1,2.391043425E-2,-4.651284635E-2,1.310969187E-1
1.229351025E1,8.323182575E-2,-1.611083329E-2,5.346109271E-2,1.002256664E-1
1.230346325E1,8.870533124E-2,-8.516645014E-2,6.614311874E-2,1.396312006E-1
1.231341725E1,7.689841412E-2,-2.500199246E-1,-3.426263720E-2,2.638129207E-1
1.232337125E1,-4.252679944E-3,-2.603297353E-1,-2.504303992E-2,2.615660724E-1
1.233332525E1,3.327314213E-2,-1.229160744E-1,1.091797954E-1,1.677369698E-1
1.234327925E1,-3.215193853E-2,6.023158371E-2,1.791934785E-1,1.917599895E-1
1.235323225E1,-1.979437450E-1,1.514797229E-1,1.939679307E-1,3.158344356E-1
1.236318625E1,-2.753858770E-1,5.126604795E-2,1.769420081E-1,3.313216914E-1
1.237314025E1,-3.988917162E-1,-7.311884701E-2,1.709854496E-1,4.401102033E-1
1.238309425E1,-5.490540614E-1,-1.755942249E-1,9.243570864E-2,5.838133729E-1
1.239304825E1,-4.919097345E-1,-2.169591826E-1,8.470247358E-2,5.442618697E-1
1.240300125E1,-3.743504405E-1,-1.100621402E-1,1.296614224E-1,4.111739431E-1
1.241295525E1,-1.964258809E-1,-3.586623609E-2,1.858537495E-1,2.727840350E-1
1.242290925E1,-5.752052218E-2,5.244835496E-2,1.910060236E-1,2.062589185E-1
1.243286325E1,5.300647169E-3,3.665444076E-2,2.222374642E-1,2.253023200E-1
1.244281625E1,3.209777869E-2,-4.103926778E-2,2.568877718E-1,2.621179433E-1
1.245277025E1,1.359967344E-2,-1.253070009E-1,1.566305351E-1,2.010470595E-1
1.246272425E1,-1.562463731E-2,-1.870173454E-1,7.506977051E-2,2.021264140E-1
1.247267825E1,-8.197240859E-2,-9.462899923E-2,1.217682660E-3,1.252022604E-1
1.248263225E1,-1.135953934E-1,-5.337338448E-3,3.035932839E-2,1.177033959E-1
1.249258525E1,-3.892052919E-4,1.430737656E-1,2.293453395E-2,1.449008169E-1
1.250253925E1,1.522481201E-1,1.881844497E-1,2.215451539E-2,2.430713881E-1
1.251249325E1,2.717297593E-1,1.385141069E-1,-1.675051868E-2,3.054567068E-1
1.252244725E1,3.158801112E-1,7.463853836E-2,-1.038746166E-1,3.407947946E-1
1.253240025E1,3.353883230E-1,1.623187065E-3,-1.825690761E-1,3.818631031E-1
1.254235425E1,3.702845060E-1,-2.368824005E-2,-2.243635118E-1,4.336020451E-1
1.255230825E1,4.290281926E-1,-2.454427242E-2,-2.287173486E-1,4.868051324E-1
1.256226225E1,4.218213531E-1,-2.230595827E-2,-2.171439546E-1,4.749550576E-1
1.257221625E1,3.555687453E-1,3.201409042E-2,-2.079603177E-1,4.131604148E-1
1.258216925E1,3.056876104E-1,6.774525583E-2,-1.394856218E-1,3.427689798E-1
1.259212325E1,3.218680986E-1,1.182482421E-1,-6.556804508E-2,3.491144343E-1
1.260207725E1,3.578072056E-1,1.150275958E-1,-5.132890552E-2,3.793309910E-1
1.261203125E1,3.109525895E-1,5.410253227E-2,-4.607693642E-2,3.189697180E-1
1.262198525E1,2.360613783E-1,9.179543853E-3,-6.023860037E-2,2.437989486E-1
1.263193825E1,1.965657024E-1,-3.392612994E-2,-6.559406519E-2,2.099800920E-1
1.264189225E1,2.117857855E-1,-2.959275842E-3,-6.601184875E-2,2.218547733E-1
1.265184625E1,2.751915302E-1,-2.575990856E-2,-5.790614605E-2,2.823952424E-1
1.266180025E1,3.159641650E-1,2.282168269E-2,-5.210570812E-2,3.210439028E-1
1.267175425E1,2.181371042E-1,2.308480740E-2,-4.442802161E-2,2.238091903E-1
1.268170725E1,1.025341424E-1,5.263663530E-3,-3.573233485E-2,1.087095041E-1
1.269166125E1,9.485053562E-2,9.080725908E-4,-1.186546236E-2,9.559413109E-2
1.270161525E1,7.638356678E-2,-2.997692049E-2,1.949052393E-2,8.433828051E-2
1.271156925E1,7.064854458E-2,-4.599419832E-2,2.204107940E-2,8.713490869E-2
1.272152225E1,6.087660469E-2,-9.171006918E-2,-6.674889028E-3,1.102780664E-1
1.273147625E1,5.581635118E-2,-1.346929514E-1,-2.369291782E-3,1.458193052E-1
1.274143025E1,1.110475422E-1,-1.254040647E-1,-5.004047155E-3,1.675791650E-1
1.275138425E1,1.762183421E-1,-7.462918282E-2,3.092183053E-2,1.938519503E-1
1.276133825E1,1.554339755E-1,4.597665668E-3,2.926122129E-2,1.582310916E-1
1.277129125E1,1.249487127E-1,5.137539089E-2,2.917058945E-2,1.382119202E-1
1.278124525E1,1.679400735E-1,6.579871774E-2,5.424374253E-2,1.883500017E-1
1.279119925E1,1.770994444E-1,4.412308931E-2,5.197853118E-2,1.897704612E-1
1.280115325E1,2.144736043E-1,1.443092823E-3,5.533921838E-2,2.215026830E-1
1.281110754E1,2.019221905E-1,-2.372449279E-2,-1.429644227E-4,2.033111974E-1
1.282106054E1,1.525721289E-1,-4.062060714E-2,-3.995665580E-2,1.628644301E-1
1.283101454E1,1.739514497E-1,3.110718727E-4,-6.417114526E-2,1.854107319E-1
1.284096854E1,2.530455664E-1,2.738777339E-2,-8.518837720E-2,2.684012079E-1
1.285092254E1,2.810363339E-1,4.311736822E-2,-1.088722318E-1,3.044563865E-1
1.286087654E1,2.927871908E-1,4.400731444E-2,-1.155766493E-1,3.178347758E-1
1.287082954E1,3.257457528E-1,6.964033842E-3,-1.288314101E-1,3.503659878E-1
1.288078354E1,3.408314960E-1,5.774125457E-3,-1.345762995E-1,3.664836007E-1
1.289073754E1,3.571486630E-1,-5.037376285E-3,-1.020295277E-1,3.714708160E-1
1.290069154E1,3.640160716E-1,1.633712053E-2,-3.120074272E-2,3.657158572E-1
1.291064454E1,3.530421634E-1,1.976300418E-2,7.975602150E-4,3.535957884E-1
1.292059854E1,3.143872440E-1,-1.870758176E-2,5.808097780E-2,3.202541378E-1
1.293055254E1,2.929816838E-1,-3.834311664E-2,8.004808992E-2,3.061309497E-1