Time (s),Linear Acceleration x (m/s^2),Linear Acceleration y (m/s^2),Linear Acceleration z (m/s^2),Absolute acceleration (m/s^2)
0.00507795834,-0.02937728852,-0.02584586263,0.03827002645,0.05473233614
0.01503395836,-0.02184739038,-0.03034997284,0.04310655087,0.05706666318
0.02498995839,0.0009995815158,-0.0352780062,0.03170009494,0.04743872789
0.03494595841,0.01556031793,-0.03528443813,0.03406646311,0.05145521332
0.04490195832,0.01902523175,-0.03369574964,0.04826993465,0.06186557668
0.05485795834,0.0395249851,-0.01865904987,0.03763501883,0.0576782388
0.06481295836,0.04831846654,-0.01357723475,0.0203950882,0.0541754108
0.07476895838,0.02103287324,-0.01509926498,0.02310644209,0.03470269768
0.0847249584,0.02142712176,-0.02272052586,0.02603121936,0.04065671192
0.09468095831,0.02277739003,-0.01220489323,0.01486479163,0.0298115908
0.1046369583,0.0194117327,-2.280414104e-05,0.02832274318,0.03433647722
0.1145929584,0.01837297484,0.01080974758,0.01756123513,0.02761908446
0.1245489584,0.01101863936,-0.006359431744,-0.0004098898172,0.01272873894
0.1345039584,0.01889293849,-0.01487414718,0.01119010895,0.02652172539
0.1444599583,0.005610111058,-0.005758337975,0.01106059313,0.01367364336
0.1544159583,0.009290202409,-0.02043835759,-0.004218181372,0.02284354123
0.1643719584,-0.008016094118,-0.01751533449,0.007100273967,0.02052945682
0.1743279584,-0.008435485661,-0.009185391068,-0.001015661359,0.01251240966
0.1842839584,-0.01133921295,-0.003560954332,0.001141084135,0.01193985842
0.1942389583,-0.02836922854,-0.02082719743,0.009664570391,0.03649642725
0.2041949583,-0.03808949366,-0.01131611645,0.0001262998581,0.03973512263
0.2141509583,-0.0463447389,-0.01784336329,-0.01473966122,0.05180229773
0.2241069584,-0.03696478173,-0.03511662304,-0.01395087183,0.05286018471
0.2340629584,-0.0217712304,-0.02759593427,-0.0106857866,0.03673837363
0.2440189583,-0.00408661902,-0.03895590484,-0.006665825844,0.03973281026
0.2539739583,0.02281495839,-0.03146737576,0.02189957678,0.04461288521
0.2639299583,0.03934796065,-0.02509508014,0.01540741324,0.04914685582
0.2738859584,0.091933579,-0.02127158582,0.03267307162,0.099858865
0.2838419584,0.1301598975,-0.01206748366,0.04136378825,0.1371064771
0.2937979584,0.12427716,0.02199956417,0.04431370854,0.1337628427
0.3037539583,0.07129860878,0.04253615499,0.08060971498,0.1157183747
0.3137099583,0.032485376,0.02549444497,0.06823496014,0.07975760881
0.3236649584,0.002898318619,0.002974478602,0.01227213621,0.0129558134
0.3336209584,-0.01802974328,-0.02673697829,0.00303704381,0.03239075927
0.3435769584,-0.06936888143,-0.02592772365,0.01300947011,0.07518999187
0.3535329583,-0.06383931577,-0.02094238758,-0.01589624047,0.06904152589
0.3634889583,-0.03814694256,-0.02371104419,-0.02240185261,0.05019208945
0.3734449584,-0.05646042198,-0.00474443078,-0.05885836512,0.08169820082
0.3833999584,-0.06150920033,0.01740774572,-0.07413509309,0.09788985323
0.3933559584,-0.05337440774,0.02137449682,-0.03131447107,0.06546978398
0.4033119583,-0.07540700868,0.0175428164,-0.03962248743,0.08697073574
0.4132679583,-0.08459561571,-0.0100349915,-0.0459503442,0.09679128775
0.4232239584,-0.06168081611,-0.01995245397,-0.04930459946,0.08144671279
0.4331799584,-0.07474349588,0.000676522851,-0.04382955909,0.08664916681
0.4431359584,-0.06798601493,0.02864434004,-0.009889395833,0.07443384037
0.4530909583,-0.03813685611,0.05154320598,-0.002357597351,0.06416136019
0.4630469583,-0.04671018988,0.05034101844,0.008449518979,0.06919143261
0.4730029583,-0.03700498134,0.01575473785,0.02839232504,0.04923113375
0.4829589584,-0.0388950938,-0.01964430571,0.008338714242,0.04436509014
0.4929149584,-0.08038021177,-0.04456572354,0.04669469476,0.1030896536
0.5028709583,-0.1076169808,-0.05257114649,0.07156553417,0.1395233518
0.5128259583,-0.1203903696,-0.03941374183,0.07267504334,0.1460443291
0.5227819583,-0.1522699741,-0.01471861124,0.08891071469,0.1769403789
0.5327379584,-0.1865758806,-0.01646049678,0.09370543152,0.2094330802
0.5426939584,-0.2242522685,-0.02880221486,0.08879084677,0.2429042239
0.5526499584,-0.2469865353,-0.07371818662,0.09787888169,0.2757117973
0.5626059583,-0.2871137837,-0.09134871125,0.07430407763,0.3103224255
0.5725609583,-0.2891168936,-0.1037231737,0.07247156024,0.3155934124
0.5825169584,-0.3135138161,-0.08547693729,0.1006767744,0.34019558
0.5924729584,-0.3204945146,-0.04159592271,0.1011965919,0.338655732
0.6024289584,-0.3012617067,-0.02503251493,0.1284416932,0.3284547324
0.6123849583,-0.311074504,-0.04330330968,0.1093905875,0.3325790497
0.6223409583,-0.334352708,-0.07096473277,0.09215679646,0.3540064996
0.6322959583,-0.3245111132,-0.1011328572,0.08062316358,0.3493356722
0.6422519584,-0.306874449,-0.09902376652,0.05835404277,0.327693192
0.6522079584,-0.3130553944,-0.0711255312,0.07786970973,0.330342569
0.6621639583,-0.3080339518,-0.03898514092,0.0722481966,0.3187860703
0.6721199583,-0.2913851747,-0.02907761872,0.0528237462,0.2975586935
0.6820759583,-0.2778721131,-0.04982412457,0.04245546341,0.2854782321
0.6920319584,-0.2692682277,-0.06294176817,0.01751474977,0.2770808746
0.7019869584,-0.2342244025,-0.05660046279,0.02274157584,0.2420369029
0.7119429583,-0.191196789,-0.04512296319,-0.007905435562,0.1966082141
0.7218989583,-0.1305588238,-0.01264518857,-0.04920081139,0.1400936369
0.7318549583,-0.1103566937,0.02300645471,-0.0507386291,0.1236216214
0.7418109584,-0.1018833473,0.04311795294,-0.06713597596,0.1294087076
0.7517669584,0.01568486363,0.03718887627,-0.04461016238,0.06015890668
0.7617229583,0.1447156638,-0.004767234921,-0.1036360502,0.1780611715
0.7716779583,0.3266963638,-0.03320165992,0.0307230252,0.329813233
0.7816339583,0.171812392,0.148772462,-0.07702244818,0.2399691668
0.7915899584,0.1798751177,0.01924844921,0.0226024121,0.1823086114
0.8015459584,0.274214095,0.03465059996,-0.2415818077,0.3670910021
0.8115019584,0.2368448322,-0.2632141668,-0.01904204249,0.3545980421
0.8214579583,0.1882604635,-0.1382825571,0.06207053304,0.2416957153
0.8314129583,-0.2471619518,0.3689183772,-0.0488324368,0.4467375139
0.8413689584,-0.437196022,0.3453909355,-0.06324816227,0.5607455662
0.8513249584,0.09278127909,0.1516867143,-0.3373732334,0.3813632437
0.8612809584,0.3143688253,-0.142253986,-0.2676475257,0.4366911412
0.8712369583,0.2771673775,-0.1735769355,-0.06431966454,0.3332982552
0.8811929583,0.374776264,-0.1596886289,0.257056464,0.4817008739
0.8911479583,0.3543164179,-0.1184488016,0.2269099742,0.4371022523
0.9011039584,0.2204637113,-0.04760276735,-0.06527948499,0.2348013685
0.9110599584,-0.0173049809,0.1342836463,-0.3608825487,0.385444904
0.9210166667,-0.1870804954,0.2119779396,-0.02909165204,0.2842183718
0.9309726667,-0.374238174,0.1449869746,0.1562235689,0.4306753268
0.9409286667,-0.2458966143,0.06657347381,-0.07986068666,0.2669735973
0.9508836666,-0.01847676292,-0.2155231065,0.07210903287,0.2280160363
0.9608396667,0.2189964987,-0.1175728887,0.04635906458,0.252847807
0.9707956667,0.3341756836,-0.02171071172,-0.03763911188,0.336988791
0.9807516667,0.3705664149,0.03882434249,-0.090927127,0.38352906
0.9907076667,0.3016069847,0.1162508333,-0.03122647047,0.3247400837
